customer_id,signup_date,country,plan_type,device_count,m1_usage,m2_usage,m3_usage,m4_usage,m5_usage,m6_usage,churned,future_revenue_3m,last_cancellation_reason
1000,2021-04-13,US,pro,4,6.972380380148265,8.18453257572122,43.40526982639894,14.233320272415426,12.033167721002297,18.525530495077035,0,83.6709886901044,
1001,2021-06-29,US,enterprise,5,7.596110324172869,9.970776554016958,29.415304622385587,7.677129685312871,23.76395234282986,17.3518495285897,1,0.0,too_expensive
1002,2021-04-03,FR,basic,5,8.002045892441457,3.7092055380236233,15.32936647621068,14.728428576436778,18.86172351123253,17.680814643272495,0,119.64187817694932,
1003,2021-01-15,DE,basic,3,7.366234658342306,25.98363294080024,11.467847078895483,42.14579986308293,6.368708886062833,43.48942590976904,0,160.02614257598177,
1004,2021-04-17,DE,basic,2,10.755785664610825,27.66328355570184,55.32392363600433,20.787322881976813,33.10819317821048,40.65111352079515,0,171.5361909412836,
1005,2021-03-13,DE,pro,5,16.48632957367909,28.521117027302815,10.009092533238903,22.271950754885516,3.30259769662248,22.981990100092197,1,0.0,missing_features
1006,2021-07-08,DE,pro,4,18.013628588996752,7.168816399855813,14.071891013952914,13.802144682593307,20.161248310074352,21.232610014201626,0,173.55383239335714,
1007,2021-01-21,DE,pro,5,5.9141693866589975,42.89784374881353,44.60462129391666,9.725900721643526,7.559476804663677,65.66092361002825,0,159.90368742037327,
1008,2021-04-13,US,basic,4,20.064239905268032,12.730603589303872,20.081726255646274,17.412438582051696,28.27620712394678,0.4329308966062834,0,131.030482189269,
1009,2021-05-02,DE,basic,3,17.81971923652732,23.851898737283115,3.256444666629585,9.363707280496438,9.355251851669617,32.7950922669288,0,144.17360393795153,
1010,2021-07-30,US,pro,5,15.292017713055106,5.264512840353474,20.674191083250122,22.62759830572925,88.80856514706159,76.57610337594423,1,0.0,missing_features
1011,2021-08-03,US,basic,4,10.0217852654287,36.677139714822,10.406639433405385,6.4778955120907975,20.524720327656727,12.736565437878705,0,214.54225577798425,
1012,2021-03-16,US,basic,3,6.048647238983328,26.912111540411328,4.22846786578622,8.0923460219857,41.05137501152744,21.119365017157044,0,115.57840118758283,
1013,2021-07-22,US,enterprise,2,25.11147225101803,13.171166846298771,10.842215439374796,13.008079448116161,52.14732535698666,15.953928752679143,0,54.03466453328184,
1014,2021-03-29,US,pro,4,17.720853422173274,11.314024064325999,6.359997315517547,10.677285647339419,12.545802867094277,20.151016237983036,0,163.06681592150485,
1015,2021-04-27,US,pro,2,21.573658400083605,26.450782750754005,8.407945126360048,18.691818553329476,14.185354255147079,34.15120590805832,0,110.99561946319429,
1016,2021-04-10,FR,pro,2,11.742030703219562,36.605841379718754,19.89394983069942,77.60319092860144,38.34589623685538,47.08803545265948,1,0.0,missing_features
1017,2021-04-14,US,pro,1,10.604587664040324,8.234001168848403,4.7412806888055385,36.08783883209436,16.675975267654184,13.72137843527687,0,207.19562167360914,
1018,2021-06-01,US,pro,5,33.55579568851292,15.44137069039757,31.58877148770261,30.584356702857526,6.126119385101331,30.491734866362485,0,78.18915573217993,
1019,2021-05-11,DE,basic,4,13.134988711065603,10.972101711583925,13.070965911752033,3.0118213878282085,2.8743609145720415,33.27231735963363,0,87.50250864652823,
1020,2021-05-30,FR,basic,2,18.711398658397165,37.78304326565112,8.97302753526941,25.402316955770516,18.461677143731897,13.047698611316669,0,150.32279473447588,
1021,2021-02-22,US,basic,1,15.622295245232085,10.081165548240264,12.954672612092004,25.91411754039366,9.619953059386388,21.64930283344296,0,162.36971501821844,
1022,2021-01-02,DE,basic,3,8.091544655410905,5.470980633228114,6.41081120925322,23.09862918208028,27.490568133436266,23.275885978585308,1,0.0,switched_competitor
1023,2021-03-29,DE,pro,4,11.52239098203735,27.28949700175599,6.395966613979535,8.333933311476782,10.740298528452811,3.238508157991329,0,191.92980398438473,
1024,2021-08-24,US,basic,2,58.41263196839512,40.522517331578484,12.176190718550314,18.98034452399917,50.582500245455634,24.929576588175934,0,169.07376331895375,
1025,2021-06-07,FR,basic,5,9.071715889233083,26.190302326158616,20.677485135766634,22.240277909715495,6.980574989739134,2.173140876025094,0,130.590940332594,
1026,2021-02-07,FR,basic,1,17.637289934018,34.677776564282354,23.74482351438667,11.762843015174454,4.66207870951674,28.706563559740957,1,0.0,too_expensive
1027,2021-05-10,US,basic,2,9.629440049728741,58.712200712149055,11.32726016713539,23.99028501120233,14.020218494730601,21.276442815376253,0,185.38944464997797,
1028,2021-07-11,US,pro,5,15.91800409398384,51.13500577619707,14.181868128085194,28.33746301599264,25.72567614198777,34.379183393767214,0,124.42620314421521,
1029,2021-07-07,FR,basic,2,9.086581906491851,51.5174737330159,19.67631577152477,14.520375934624074,29.18447659528168,0.3690561713618607,0,211.95015581815048,
1030,2021-01-21,DE,pro,4,10.907295145686756,11.086275070829757,46.258431841491046,6.711026124458057,16.698992101036012,35.24440528489501,0,143.9948743886613,
1031,2021-06-10,DE,basic,4,4.100563257221498,27.50095883946773,17.568563398783976,2.9958429471980095,52.62923240524836,32.87174988205767,0,169.0924233939766,
1032,2021-07-23,DE,pro,4,17.923356021081993,18.806995039975693,9.70135301903181,13.596153043502998,15.302522667823606,50.44343712353233,0,218.99651585922925,
1033,2021-02-27,DE,pro,1,12.43267404201841,18.55639082222637,7.608091581660794,7.042242300416338,12.244585743745793,3.5810252323908958,0,213.17470285815995,
1034,2021-01-22,FR,basic,4,24.179205462093275,35.677111425236504,31.841178766562123,11.688527652311738,20.74194057481073,26.827051506851454,0,98.835366510264,
1035,2021-08-24,FR,pro,5,15.890955174624066,24.811679718076135,1.2647615321286911,22.0365850487348,5.469230971119794,2.1086425719128723,1,0.0,switched_competitor
1036,2021-03-30,FR,basic,2,8.857421035276632,15.827260627113466,10.888143898861905,22.084357652608805,33.47238574663165,25.878106850860373,0,202.81748612532,
1037,2021-02-18,DE,basic,3,6.993549424680733,9.577135868037647,7.553894066270988,11.55707349863591,37.72895549424497,36.936031019527526,1,0.0,missing_features
1038,2021-08-07,FR,enterprise,5,16.597083897925174,24.96306889314536,29.0943871460872,8.228640824783191,17.913676145472767,8.55720886503356,0,95.28374276772354,
1039,2021-02-28,DE,basic,5,39.93179129938415,14.680832192807783,39.725355397727455,13.367983447373852,6.548089948773792,13.53055269310314,0,229.40886672573026,
1040,2021-06-19,DE,basic,4,10.355321266616892,35.559067173112666,13.97737678922088,40.45656127896366,18.89571491240558,17.036374451491188,0,103.99154113443005,
1041,2021-08-08,US,pro,1,2.4435215924818867,34.809236214657346,8.803409922801066,2.3364642962123345,50.900348100059404,3.776661734848127,0,70.62684274906866,
1042,2021-07-07,FR,basic,2,19.393591752251325,22.446855203001142,14.994024539307633,11.796077241972931,23.967878009714298,24.571011073511023,0,73.23431479430673,
1043,2021-07-27,FR,pro,1,37.192391317811854,6.648255991697491,22.573165564738815,5.914065966590375,28.4139248632945,2.289099280253807,1,0.0,missing_features
1044,2021-01-15,DE,basic,2,24.600671578595318,12.041510710804664,24.946385725774284,31.009294138205593,31.96019148063108,14.037584127120478,0,190.06269028324726,
1045,2021-07-09,FR,enterprise,2,5.3622884903688774,52.93219394817691,14.99415045467522,21.850889766659808,5.33793208622006,51.53296791135165,0,117.9558208992764,
1046,2021-07-09,DE,pro,1,18.233103364033813,24.372685892118003,40.05458959823832,17.962953887750825,13.25241248583289,19.377250602110216,0,116.25577951674387,
1047,2021-06-24,US,pro,5,29.91482847269164,40.428376516709434,10.380073117557547,7.546089594171769,26.3725440363173,4.996181863733713,0,122.2552834563166,
1048,2021-07-09,US,enterprise,2,11.731826633376004,6.9443569032014185,12.222202928348022,5.8687841617308925,3.8414141411861786,6.6130497203894345,0,179.67355689985095,
1049,2021-02-20,US,basic,1,10.560026921890124,95.68374495704028,12.74851015596508,21.828788911481702,36.21289031473717,3.1002782619439477,0,81.63988970728539,
1050,2021-04-18,US,enterprise,2,10.855984761096328,3.1314559676554006,20.53411996059169,15.717178676048603,4.155409668121121,26.01468635776613,0,232.96194556744848,
1051,2021-02-24,US,basic,3,14.221189295301643,24.635072695860615,30.4520699676003,7.865991399757837,10.250288708583309,5.129897912677189,0,96.2430234074731,
1052,2021-09-01,DE,basic,5,5.708482004286669,2.7876925051014663,5.180824007718176,16.016128761051338,35.271869029855935,30.7875064309663,0,253.18205477969752,
1053,2021-03-05,US,basic,4,19.263474674980884,35.55819289362315,6.064533665822162,13.678247406461903,14.347189280072941,19.032985997104543,0,87.95529634134753,
1054,2021-05-11,DE,pro,2,19.979051394039406,8.26487328562505,20.811520887455586,32.57835871444683,18.51102988268859,2.0990832782441387,0,189.42064585549517,
1055,2021-08-17,US,basic,3,20.328050107699976,14.81607720359323,6.221229190704948,23.522421806447916,56.836409564808925,2.3057232380238766,1,0.0,too_expensive
1056,2021-02-20,DE,pro,4,16.092104743337345,21.32980587328777,13.327825495145767,14.403833915741945,31.29420352005595,7.408469089831327,0,66.31108945906848,
1057,2021-05-15,US,pro,4,5.5468425005473385,29.259411438762804,12.681574280114036,19.21676703024893,14.991312587244083,14.55325713934071,0,226.85005575848933,
1058,2021-01-21,US,enterprise,2,13.583785671421163,14.60860923123601,37.0861888779529,22.212580559253745,32.54602564887957,38.51372700844125,1,0.0,too_expensive
1059,2021-03-14,DE,basic,1,52.181906461214176,19.554379373085197,48.96202054811415,16.675816684630462,15.276880553452388,23.56614099519146,0,131.48897435881997,
1060,2021-06-16,DE,pro,2,19.728325950821443,20.67780978572818,11.133109052108354,4.377666467322899,13.179669430722464,27.36460857379392,0,195.82838057673274,
1061,2021-01-18,US,basic,3,8.281575028355075,17.650782386144748,24.548898937180308,39.33165198690887,16.110996056138656,13.106488183558207,1,0.0,other
1062,2021-05-12,FR,basic,4,25.6133876642437,14.42080490254559,12.781322838303208,64.43233826097952,11.865681361031168,3.1412740486350725,0,217.64353579447123,
1063,2021-03-30,US,basic,2,52.59615629710555,11.160365461282293,29.29516251304953,37.43965400258306,8.959920375543122,25.332987067627716,0,106.97592089231327,
1064,2021-03-01,DE,basic,1,21.61783455384828,21.49954302080715,6.051581718113953,33.685129711093786,10.889213785693062,17.87336440662106,0,156.70486327178912,
1065,2021-01-14,FR,pro,2,14.621265867396481,20.97429779233401,36.293982044069736,11.982010013564462,9.912335623178258,10.411226751119159,0,153.0394953053943,
1066,2021-08-30,DE,pro,5,39.85087270049509,9.459899210908684,10.020356748218138,45.22248864132203,6.635973936308308,17.42268626988936,0,123.28154340941991,
1067,2021-01-09,DE,basic,1,11.025209676117724,14.476288140182872,4.426486627280459,21.84256445482304,25.4794029570255,9.033141894006707,1,0.0,missing_features
1068,2021-03-31,DE,basic,3,33.04762989644909,2.8237767853286497,10.65876179806416,34.412698105773,27.94869903028429,9.215187653748545,0,94.29788465486169,
1069,2021-02-22,DE,basic,4,10.382205897720231,13.859827758255268,13.485059357733835,19.357620500784304,13.319325269199954,22.55548671724858,0,84.10646926748062,
1070,2021-05-10,DE,basic,2,11.906837397658851,2.9346299272516734,6.37696574283078,5.893138157754496,59.70682277242568,24.442735259012704,0,172.7392526688915,
1071,2021-03-25,US,enterprise,1,28.59588706459695,11.377295955564904,16.086579600816776,14.783533837266258,39.61719025988154,3.1433718678702043,0,192.06037187071047,
1072,2021-04-02,US,basic,5,38.73244867911749,6.6976224472765145,26.769943906311727,29.2892299341459,25.10077621696791,13.76845161687535,0,85.77361918578552,
1073,2021-04-21,DE,basic,1,15.371708420691164,8.64461424475579,8.267262905748373,12.099007335237541,30.45492475242166,11.311539968288997,0,147.99973535040934,
1074,2021-07-07,FR,basic,5,38.01376817160987,41.329685394943915,45.6338068077266,19.69796474032745,4.643256149422389,45.29067092666875,0,227.34661414118952,
1075,2021-07-18,DE,pro,3,21.951956312443993,5.865507683254123,71.29906337941071,11.896390072293492,37.099319579908716,29.804434293297625,0,124.33458558151982,
1076,2021-06-21,US,enterprise,4,8.40615449668805,12.232733352708536,13.685528316035779,8.933101260244312,9.234729446611388,27.463062613880474,0,177.4057555224923,
1077,2021-01-08,DE,pro,3,11.996219318647485,21.331673028792267,25.600665856864374,0.32601106467771634,51.4429564367929,10.022083149970378,0,200.30067661698607,
1078,2021-06-24,DE,pro,2,24.392412076906925,2.14325905781782,22.088896862182605,1.6750554833044438,84.71209414729131,6.107399324519537,0,147.6832720190228,
1079,2021-02-04,US,pro,1,41.486254494956455,14.802963490990845,14.972719830970828,7.150472225423159,68.17463188193567,8.509094261015523,0,224.8815622344914,
1080,2021-07-25,US,basic,5,33.45389891581715,19.908910488401798,13.75258577237224,10.90474029007273,25.734538797344623,36.61042297915464,0,193.3244862211763,
1081,2021-03-22,DE,enterprise,5,33.786483657443064,6.36523961472661,3.067776844654132,36.15971330779106,28.560397275057664,5.5497931421845195,0,156.82542993852968,
1082,2021-06-13,DE,pro,1,4.7919683021507575,4.201488034934764,14.886483203611613,7.3390258466870755,29.765341336795984,57.78373450668667,0,159.25851182207688,
1083,2021-02-19,US,pro,1,27.86251271413837,28.92595697759382,29.031774141565716,7.090359968502456,12.637276881014675,18.319874959706983,0,180.49495915397225,
1084,2021-04-14,US,pro,2,26.85386916260541,2.25137255162948,10.282740235078311,53.99867514062088,24.563870173781343,55.10747481358231,0,155.05956046539814,
1085,2021-05-12,US,pro,3,20.440878104096306,12.082118997836385,44.83201136944356,32.60373055243359,8.048463898093024,37.15526300012071,0,233.84108728974297,
1086,2021-01-02,US,pro,5,26.551973125409745,5.5663998831376595,22.351364740888165,93.74186596049582,50.650452064970864,2.2322004076649744,0,119.43219359542618,
1087,2021-05-14,FR,enterprise,2,2.923833710798773,1.0704585991818674,36.382286805284565,26.1352860288361,28.140067115124463,9.170673420236275,0,125.97923538952433,
1088,2021-02-23,FR,enterprise,3,1.1662834275900562,35.91384772664371,13.995879928582752,7.711383021997499,39.261970722922484,22.612954312857966,1,0.0,missing_features
1089,2021-04-16,US,pro,2,20.14996612912004,27.107144131521665,18.813835889731042,0.9083955464228293,17.38740981113147,10.362641226400646,1,0.0,switched_competitor
1090,2021-01-04,FR,pro,5,15.86092624335308,37.98516166304799,25.185400102954286,21.03757689465722,11.241895596605012,26.311244068149563,0,75.80894475563747,
1091,2021-02-23,DE,basic,1,13.963395961592527,18.4961644176801,12.730389325051581,51.8932053566889,4.904842295935215,74.51979078785067,0,214.3256155490073,
1092,2021-08-09,DE,pro,1,22.724827409606867,5.575729211490921,35.14881263520471,9.104936565813015,9.540419309157164,50.72509655625275,0,174.7680066401691,
1093,2021-07-10,DE,basic,3,19.32687349333336,11.015196710799952,10.485626964447652,24.346474319142843,14.977540484576561,10.294830155563186,0,172.36552902398694,
1094,2021-05-26,US,pro,4,21.102910221401867,3.986095549663263,56.351631637639336,6.938290805752172,28.757596141379906,60.758922832880735,0,163.97770870726177,
1095,2021-08-06,US,enterprise,3,30.972995078145257,13.383480002517823,5.885483806771584,8.081312584062557,22.35795955638646,11.746429645741296,0,223.5112778461753,
1096,2021-02-13,DE,pro,4,10.749256200459886,34.32173905607012,23.792325685715632,12.96164911155741,20.03980323248346,15.52901090430886,0,148.050350265947,
1097,2021-06-11,DE,basic,2,21.445241017227907,11.092004958586816,9.565449280644966,38.07354980359805,27.495036411462227,23.902471839048562,1,0.0,other
1098,2021-07-21,US,basic,2,9.642604329548766,21.528286015387387,7.307708015970327,17.414983102901605,15.136830195289779,18.561423133133957,0,122.17877060279224,
1099,2021-07-09,FR,basic,5,2.2532997583589114,20.282314417181144,7.659726526436811,20.620792324808686,27.547663661341307,48.95209761002847,0,225.49714976163347,
1100,2021-08-16,DE,pro,4,13.126991318087436,5.147055785814296,0.6081095921139652,10.475139050042321,19.786686401005063,57.52550940980282,0,164.36836747848582,
1101,2021-01-14,US,basic,5,34.231523657082064,5.276947153346074,6.705561874765886,16.95054888587845,19.10162092309134,26.411058880223987,0,104.32675534013521,
1102,2021-04-05,FR,basic,1,7.816140078352775,26.734504245416012,30.184956028022953,17.22511527964964,8.895879385720946,4.457958388761262,0,168.76721566423984,
1103,2021-02-17,FR,basic,4,22.83021204083309,7.597107747927005,28.394523082416608,23.89517600420785,12.600089412808906,49.65999100127215,1,0.0,missing_features
1104,2021-01-15,FR,pro,3,31.17781474222518,22.415170196703194,5.556432424699285,11.263920258654775,2.2985884877245075,50.72422474625875,0,87.36585669892663,
1105,2021-07-19,US,pro,1,28.05743395473471,7.472963301202978,23.56438111402753,19.230540224264484,7.778058047863944,17.792101791480782,1,0.0,switched_competitor
1106,2021-07-25,DE,basic,1,9.610729034063784,9.034861269204244,8.987070836784097,0.7896233648432416,34.517330433347134,3.264410537683534,1,0.0,too_expensive
1107,2021-08-03,DE,basic,3,8.874970078246795,22.075459754289206,2.338527120919033,3.043095830613816,8.638871328059789,3.1087141688777513,0,76.73032463733236,
1108,2021-07-09,DE,pro,1,17.13659173177614,14.322323182033134,30.498918398086765,16.84782355607869,22.154781602213603,5.980281482233831,1,0.0,switched_competitor
1109,2021-02-09,FR,pro,4,20.32951626074713,12.544021989512988,33.36068100407188,5.106222129041108,7.955182543031224,16.55415275420601,0,160.22968005709777,
1110,2021-08-01,DE,pro,5,26.403425442713647,6.831268545408291,10.530557925886367,24.130763424238808,30.86715112154613,48.051547539884936,0,214.39691021268706,
1111,2021-07-27,FR,basic,1,26.603098939355863,18.211891827186292,36.67535445230262,14.347206467950999,23.375076599795097,34.83176379598391,0,204.98625573692271,
1112,2021-08-25,FR,pro,4,81.00768065883688,7.965554264463876,15.565384497352913,19.85182776759412,5.281102919837909,38.84370397539196,0,125.96271841730031,
1113,2021-03-23,FR,basic,2,43.85832217030014,24.32149448247904,17.950151909365285,31.22410965439427,32.190566868990025,26.486640555304533,0,151.935333514276,
1114,2021-04-21,DE,enterprise,4,12.522727655491588,6.961828746876712,14.872452247273545,13.561932162346276,39.06099245609297,21.123972804108067,0,179.0539925602712,
1115,2021-02-22,US,pro,5,61.294298004320076,12.430821100723746,5.428851113438427,3.309693796224681,8.137252356994505,20.67181288646016,0,245.58976997898694,
1116,2021-01-24,US,basic,4,6.0312253044551225,24.637100159360713,13.625180295154216,7.739684282252009,13.610106796021022,6.825164292296092,0,96.27057067961367,
1117,2021-06-03,FR,basic,3,6.701250225849034,20.79026836753023,5.681067882544425,32.43994421186984,6.775856254086933,7.291336370774201,0,226.75761581919252,
1118,2021-08-05,US,pro,5,28.95408236563935,21.99514441894928,24.330696910206996,44.69920269684014,29.9328005179312,14.354301885946617,0,223.56649464518594,
1119,2021-07-07,DE,pro,2,13.568742204040493,14.902223225147978,26.197263555047407,10.81024310010065,17.036835381008483,12.515560768285262,0,173.17636341153033,
1120,2021-05-04,US,pro,3,43.98203767460438,5.5786849084496986,2.2822656167482664,16.477783932593965,16.948770035154258,20.72593529965392,1,0.0,missing_features
1121,2021-08-25,DE,pro,4,25.866970869853937,29.825730850082344,25.47969797088953,2.5500829919485017,14.852723232579573,41.52755663352282,0,131.15434088690557,
1122,2021-02-10,FR,pro,5,15.341064363170787,16.316297172387713,15.606480147578354,22.8439909334818,40.35263645588957,7.2762916223584115,0,226.56547543305135,
1123,2021-06-06,FR,pro,2,14.398126208655246,9.549462650843775,2.9866681352498508,29.873476292723147,64.54861819308269,13.949530467335965,1,0.0,switched_competitor
1124,2021-01-15,US,basic,3,13.982522273795812,8.882563882455706,19.28906989206694,12.805257467938189,39.49593245555791,32.54659505399373,0,60.140197186158375,
1125,2021-02-14,FR,enterprise,2,1.6874709947464934,46.79986124076936,12.362754444775817,28.171602009976738,30.516554606962526,31.90333925414516,0,224.63785820702776,
1126,2021-03-06,DE,basic,4,7.581769962045891,14.148841731576434,9.12291573814185,31.985249684442934,11.117303982470851,22.964541966997196,0,152.57943153985497,
1127,2021-03-30,US,basic,2,9.43226072169757,4.333581682608058,5.79114564251528,12.126544668207561,9.914332834064133,22.401313714461175,0,144.15608774684367,
1128,2021-03-12,DE,enterprise,1,34.953469220582406,36.830181566404896,21.554191953455103,5.177897398854803,9.014757792608751,17.770741441329097,0,169.68628841116708,
1129,2021-01-09,DE,basic,3,10.26732542228138,12.381111910925998,17.680400316572044,20.944046367263933,12.602134878888357,19.60786581512676,0,82.55357809118554,
1130,2021-03-29,US,basic,2,22.028303603497015,10.064574160726,18.320300088865217,16.708140234963352,11.611444071890913,61.29303627238401,0,150.67615914025495,
1131,2021-05-09,DE,basic,4,14.443455233383386,6.051248366256086,35.62971656096738,11.635534758385855,26.391996812725033,5.418874501350906,1,0.0,switched_competitor
1132,2021-08-24,US,enterprise,4,7.643885097224661,16.9429082164262,44.700082838925674,8.551371849602923,3.9193660207389867,16.694390407700848,0,72.46804341715895,
1133,2021-05-16,US,basic,2,20.381230551867834,30.93534054864719,1.7153536071041966,30.990140894418616,12.269207235239293,8.22336677742468,1,0.0,other
1134,2021-08-04,DE,basic,4,16.428230007419074,17.4045955545828,21.70133988460975,45.59441692880838,2.073943436591266,29.9115882949095,1,0.0,other
1135,2021-03-04,US,basic,5,34.777499757693064,10.890666231393805,10.796050940913842,17.793511544934113,30.99929522399709,18.948486264200856,0,143.84073334258883,
1136,2021-05-19,DE,basic,5,12.026883601096433,3.5817255168300783,24.104203540879695,2.809681982712446,12.399362508399252,12.814309357786382,0,186.98220558096736,
1137,2021-08-31,DE,basic,5,9.578874986308305,13.069492109385257,8.652079002920088,19.692781324697904,49.9538813225167,15.822044300158424,0,198.3007149982009,
1138,2021-03-22,DE,basic,1,29.867984828057853,20.094954771557557,56.13295715471362,17.807561430458993,27.637302587910256,30.667054237160887,0,223.12038095063662,
1139,2021-05-16,DE,pro,2,14.431858094264712,7.588181438239548,24.83646582998251,11.769172686540566,2.1294270594268845,14.670581985029436,0,159.21077377141782,
1140,2021-06-12,FR,basic,1,31.613220230456523,37.92666857482499,14.277615100334655,8.860890304591273,4.645156353563223,27.571337392334435,0,112.49043653759921,
1141,2021-06-12,DE,basic,4,10.599456745192155,11.135391936710612,37.08406253193004,16.32555027362282,12.063391732574493,14.51808797265546,0,249.1656600097475,
1142,2021-02-02,DE,basic,1,18.60772786335017,21.22454468633977,7.856251125982022,26.141558685739717,65.48177673375162,50.03648288975885,0,193.99663547688635,
1143,2021-05-03,US,basic,4,9.923143463562377,11.543980348237612,25.620606426373357,13.339686924958613,7.246113884083528,49.298952493953145,0,158.7316424785161,
1144,2021-01-05,DE,pro,4,8.065440069429705,28.214015312098763,13.84391660273295,11.01190383352563,19.311661463015433,12.757242155391147,0,185.36920419818745,
1145,2021-08-22,DE,pro,3,1.321417534778099,18.180358682139747,15.333864605401129,15.37604629968406,34.29183188767634,16.551179675324576,0,210.35719377764042,
1146,2021-08-19,US,basic,5,45.033625915422476,45.34631520325906,70.50420283804992,21.044525451793334,40.07432849938861,7.183504222641973,0,181.2754417802072,
1147,2021-02-10,DE,basic,4,11.098143904911861,18.510320013298276,22.024282951459945,18.39960510411563,14.865836850454397,35.06585239731501,0,125.73775456261944,
1148,2021-01-28,DE,basic,3,24.187620798935306,24.07988909736806,8.651017910450879,17.421423092986362,6.5255106155457065,34.70112456973383,0,179.40579318202825,
1149,2021-05-15,FR,enterprise,5,14.586874431330564,19.325024154610176,15.083467556859521,9.410573066839055,16.45689861944228,16.378273020488468,0,79.2244830578665,
1150,2021-07-20,FR,pro,4,36.92911164517609,5.651346534346048,9.034732201365118,27.54581518411754,32.81782329239526,30.47251470498326,0,116.61662747882569,
1151,2021-03-13,DE,pro,4,2.8076573390125614,36.290030836359385,9.967725205937313,37.24974853862606,26.888579156778533,14.734874092606463,0,142.1481989742254,
1152,2021-01-12,US,basic,1,19.48044653642873,21.320662696955026,18.23983107375222,17.08976874421213,2.570491946223931,15.835441005626425,0,104.71590491460424,
1153,2021-06-11,US,enterprise,1,28.509891082679488,24.544768723713048,9.390099295276347,29.38009907383488,3.443776486773569,33.78498863131207,0,67.9726339477869,
1154,2021-02-02,FR,basic,5,17.431381356083197,33.01850321999535,36.95917163682306,20.05903947192191,33.659061177874,8.789823690130628,0,82.63411702523393,
1155,2021-02-17,FR,basic,4,8.782032453833898,33.987360113173715,14.070164678003426,6.8366345941908415,5.096137011748464,23.916824533811027,0,180.29468737319488,
1156,2021-05-31,US,basic,2,2.9554271008447426,6.194841457472032,15.890223719971448,26.457978232907692,4.495672943530532,10.090081082697552,0,200.0063516060648,
1157,2021-03-03,DE,basic,1,9.64441441422821,5.005267685673495,10.507253224762728,16.506925769673654,17.831934260091554,57.50225407419709,0,217.51594670609745,
1158,2021-08-04,US,enterprise,5,2.010299032994662,8.162246008344914,5.264892008333759,28.327022253203396,32.666374700494806,17.629629541007382,0,112.5529072294853,
1159,2021-02-06,US,pro,4,28.027203240753124,5.169085082302867,5.971771315808315,45.737067933933275,46.512929036814505,16.13182287193591,0,167.77646885221952,
1160,2021-04-09,US,basic,4,23.516347465613848,11.32115715275502,19.634017570525156,12.811406733963835,5.40518536514342,15.486497629915759,0,219.2792251770168,
1161,2021-06-21,US,pro,2,30.14027225213221,5.762335679191127,12.795588591900763,7.259733577151427,62.98714591029743,6.747890946646437,1,0.0,too_expensive
1162,2021-04-14,FR,enterprise,5,7.209895602219728,6.1477009886097145,20.55698533681113,9.601927583181176,2.334915974568387,6.006271886844765,0,193.96799713580864,
1163,2021-08-02,DE,enterprise,4,6.153109934472,20.823303221188336,33.52682730298021,25.853648556274518,10.971616455534456,43.65344831654926,0,197.3464136915743,
1164,2021-08-07,US,pro,1,24.455766331375308,3.1556357373204005,8.918598334809799,25.477095746677676,25.00298878217229,8.373509860609426,0,86.60034417767056,
1165,2021-02-04,DE,enterprise,2,23.805201194717792,16.794550489306552,62.635221662336136,26.84342981995401,6.210852249783759,11.789986605327691,0,217.9665647129677,
1166,2021-07-12,FR,enterprise,5,2.4848906100226436,29.74244522032029,7.065161936300849,12.68298012883125,12.973955966104711,17.142333527522837,0,209.88861597718056,
1167,2021-08-15,FR,pro,2,9.223799409138971,29.576708075187685,5.761246762631391,18.511317112062663,11.374811358145786,17.82490258979268,1,0.0,other
1168,2021-04-11,US,basic,1,46.661940519852806,25.09502568797466,30.680541319742375,17.19650984115701,2.943534986917766,19.03497384566174,0,63.08413369099531,
1169,2021-06-24,US,basic,5,28.89249381005181,27.417614237514027,16.277241670382608,42.845762495783546,15.816922031903626,27.476355914047616,0,64.71361945042811,
1170,2021-07-25,US,pro,2,13.606293339913965,26.289823673200566,8.568196080250846,11.559891116837415,8.951688601122731,43.76921273531197,0,112.9819868973565,
1171,2021-05-11,US,basic,3,5.390557078570158,6.002662452363932,5.295744093071346,10.450136790721958,7.7275689992471595,17.532492136851484,0,150.00434201364186,
1172,2021-01-01,US,pro,1,7.059183878539072,13.416547379952224,7.234960545476019,11.761033039109135,11.440653053682412,3.702622774068203,0,145.16220740297928,
1173,2021-01-05,DE,basic,1,11.70731630511126,25.570162707688183,17.11767827261086,34.39682713126345,39.35586499114658,26.00484420410259,0,116.60490413085107,
1174,2021-08-06,US,basic,1,4.272518640665451,10.986903822007443,41.34834635396717,29.238394267615064,33.60265298714457,17.852864351489888,0,216.77869031571427,
1175,2021-05-22,US,basic,3,37.75006595948197,11.080258633901192,3.224907650577884,5.623698918344515,0.9765813346517354,13.402642669273314,0,122.64961196321286,
1176,2021-04-13,US,basic,3,35.50252347723251,19.80584199462546,18.321453289213096,5.343752379604609,29.11827033163794,11.36596685547384,1,0.0,switched_competitor
1177,2021-01-27,US,enterprise,4,5.58166650051812,49.99577044076477,27.611841608252373,22.69351169329312,5.993857470494025,48.963032347567214,0,125.27264954346639,
1178,2021-05-17,US,pro,2,54.94999776944859,28.90695475291031,10.996969399250238,16.165240309567384,51.469622649218316,17.120801962423858,0,173.18662442749664,
1179,2021-07-26,DE,pro,4,11.38450052831653,3.25992947709931,42.700731533699575,2.7265246797841347,6.3569068137573295,8.791031382529916,0,151.7543474770197,
1180,2021-01-15,US,pro,2,16.73767579330073,18.303402163946796,20.111289557785103,5.680327292790215,26.70321738002835,24.224405424116075,1,0.0,other
1181,2021-03-31,US,basic,3,11.248773001544967,6.741804730316868,29.44650483191904,16.784951009730996,11.543076815542586,40.27975544027545,0,79.90678019552715,
1182,2021-02-11,DE,pro,3,6.129495055833759,30.2664881863475,28.5978597453969,76.06071801272148,22.274314379751043,7.131181754251532,0,201.81574551279832,
1183,2021-05-04,DE,pro,4,12.418472423964088,38.60566516307176,35.8686465498107,26.549166291886145,11.970438857205675,43.27115504343328,0,243.00923485961064,
1184,2021-07-24,US,pro,5,2.541677719961643,55.467258859059086,14.64698447280703,7.680762469917168,5.323744952462098,5.058362869853411,0,122.41041006643471,
1185,2021-06-28,US,basic,4,12.491020122884727,29.46109660101227,47.54393300583669,42.16091247585075,8.003798530773285,20.407028320779958,0,122.86176946812873,
1186,2021-03-04,US,pro,2,15.489303743559743,23.44719306034161,15.494852688719014,6.859846607190585,2.5430697570349303,31.096579235905768,0,164.6273903542185,
1187,2021-04-06,FR,basic,4,19.80103800360486,24.09577638787381,13.689642221334994,10.491721272131029,35.13661347316073,9.902095028249585,1,0.0,missing_features
1188,2021-08-19,DE,enterprise,1,3.6444584231974257,6.605518222949472,13.19570553001887,41.314900554482705,28.509996697426384,6.050031446377328,0,104.02369280754785,
1189,2021-08-29,DE,enterprise,2,3.9003969518305266,15.444053105701173,12.420369850131605,6.810229964643511,20.3522843371036,12.685038552433083,1,0.0,switched_competitor
1190,2021-02-21,FR,basic,2,19.146825643060346,18.663948807616514,12.39841047026747,45.850009714212376,21.51179633406898,45.066512685779486,0,169.46846471305145,
1191,2021-04-06,US,pro,5,5.601071675017566,9.343937615801266,17.316176450073698,1.8999021965586473,6.885946569382883,25.029839730802827,0,155.71725859048004,
1192,2021-05-12,FR,pro,3,13.994452730486524,22.751148765543164,17.714282531524592,23.33937706063264,18.693517989811742,5.33534373132253,0,189.87967144140782,
1193,2021-08-10,DE,basic,2,38.07170117055806,60.545724516703984,17.524654970823033,19.765187629647905,9.69156243776239,57.56824452096504,0,240.5970321066809,
1194,2021-08-17,US,enterprise,3,5.1097091042548906,25.37006690133966,14.144722626284043,33.0285169600266,59.16047566597935,11.561828723700046,1,0.0,switched_competitor
1195,2021-05-31,DE,enterprise,4,7.807664670910102,15.829364424788343,28.535441257210596,19.08699214829059,21.73198705654489,21.983097502920458,0,55.390139020238564,
1196,2021-08-19,DE,basic,1,32.414621947071836,23.187830024550344,18.917446662383472,20.171799148139215,8.534449010335692,31.218425232398303,0,101.70555250437283,
1197,2021-08-25,DE,basic,5,2.4652823525101617,18.395034576995318,22.656805524172633,9.859355527522316,12.160395562653619,30.145056856139906,0,138.86607171238288,
1198,2021-05-23,FR,basic,3,14.15441570654714,13.067993423075844,7.452675304937616,13.892758520772915,15.682652443603837,12.62829701491654,1,0.0,switched_competitor
1199,2021-06-20,US,basic,2,20.725662633398926,4.2529329486196055,5.364709172499623,42.997122315232694,11.444596039547271,24.515782597513144,0,175.95591823030534,
1200,2021-01-29,DE,basic,3,31.1842686275636,26.601510942880473,26.5340660658881,22.947473693357864,6.52547700590012,23.28359994542533,0,213.03932771163562,
1201,2021-02-05,US,enterprise,2,11.527092689714811,22.850122495067172,29.485907540024257,26.02192887035556,22.71531249423917,19.549872551362494,0,198.1606948285049,
1202,2021-01-13,FR,basic,3,5.025781378296211,22.9111283683498,6.943303798660667,20.311063627649467,29.47409493980748,57.15672288453013,1,0.0,missing_features
1203,2021-06-09,DE,basic,2,19.974489822918482,36.435190606742395,6.187966500752258,14.738104049904408,31.20863616853748,9.878772677835284,1,0.0,switched_competitor
1204,2021-03-12,US,enterprise,4,20.340288378492982,10.82796495618744,37.72429432657364,2.9065321224864267,26.815043332215378,7.681611647366935,1,0.0,other
1205,2021-07-06,US,pro,2,51.526923100447036,15.800654478475792,11.07642735564604,38.11727039577285,6.654631884414954,25.119243015219705,0,198.34350197761623,
1206,2021-08-31,US,basic,2,12.418984605781189,7.914588452091358,9.372051756340626,27.876042915861294,26.89224538820774,25.592512001658125,0,144.60423644312553,
1207,2021-03-27,US,basic,1,20.55088417537715,10.473959245068901,6.1545832788970465,17.46872583185327,26.81062914597507,29.580777173456035,0,193.06620935217506,
1208,2021-01-28,US,basic,2,15.109067949477657,4.879128839534308,6.222307658741773,8.535773005248487,23.200929526308695,6.395526500706538,0,80.35580132774669,
1209,2021-03-07,DE,pro,1,5.649267926838387,8.388640220938115,61.65007875437209,29.479479550238402,32.94680140434597,26.92991151784071,0,192.4350586214034,
1210,2021-06-19,DE,basic,5,20.18421924323817,21.392695663443476,14.860927814683853,7.970053402667746,8.967762870803227,2.882595488976399,0,151.5840751317707,
1211,2021-02-14,DE,pro,1,34.14369832406848,56.852924249960864,12.861338266484289,26.411181705885593,12.551746464815182,13.352351598459087,0,97.0242033934864,
1212,2021-03-03,FR,enterprise,4,26.365842634628343,5.809350265841017,5.7395271940187005,10.296773954360729,30.822054210285458,8.564845589606417,0,164.60367068830465,
1213,2021-07-04,DE,basic,1,8.947419720664692,12.949928056439163,3.0191211930560247,21.373901260966743,15.453522667987116,42.88991722034818,1,0.0,missing_features
1214,2021-05-14,DE,enterprise,5,13.421479849798036,50.286271896627994,49.23918510505491,40.19303847124499,9.908599727117977,7.563962220575753,0,94.88168625835812,
1215,2021-01-28,DE,enterprise,4,37.32063673161203,23.975786178339757,33.19727594191489,18.950309527778963,20.63166470364607,24.215945081710124,0,61.24495437990349,
1216,2021-01-28,US,basic,3,12.684698260352508,20.351885733029164,18.48669946351206,24.512845465622544,39.74991985805867,2.681173327901033,0,130.64780583543003,
1217,2021-04-18,US,enterprise,3,36.70206274147741,7.485389467211839,13.286902021719305,53.34809295738938,9.239251249949811,4.2137874804480795,0,158.6568994375597,
1218,2021-02-13,US,pro,1,14.164051778822229,14.025543005330242,17.970888776904424,22.359781462804346,60.33280821723445,11.07069916143747,0,229.1195845227794,
1219,2021-03-25,US,enterprise,1,14.98081009464122,9.782073710720502,17.54123969393182,7.773502070905346,8.436967701112104,5.30412233312764,0,228.52124078529368,
1220,2021-01-30,US,pro,5,33.26977627288619,22.434242053007253,40.59544140483286,27.014192542621885,14.779277925615443,17.058892212555634,0,143.38479046727508,
1221,2021-07-09,US,pro,5,56.84968018155976,22.819136328490778,21.89466393592462,13.425574878100047,45.64583414789893,15.633885112142904,0,205.98847401722801,
1222,2021-03-16,FR,pro,2,13.740253287650681,11.35327979859474,10.863441864918533,46.55475613992999,16.598651731810353,6.883491343553771,0,156.3249749170196,
1223,2021-05-08,DE,enterprise,5,11.914557831877445,13.209434363494477,8.60613823890098,12.980087781491976,32.7029324714927,19.400328834755403,0,199.24183486362298,
1224,2021-04-02,US,pro,2,8.7627273257567,36.51751381546334,16.224952859793017,13.082346495320511,4.202854472015238,2.881933237788805,0,105.77717660693833,
1225,2021-08-05,US,pro,4,7.581637937593333,39.40534132285761,13.645178947666206,24.160363052006176,11.277131361319979,64.52737525179441,0,138.99948143832495,
1226,2021-08-19,US,enterprise,1,9.304331182987907,12.257544125880607,21.130380436353708,20.995183820062174,18.523996653625662,39.85298598080586,0,157.59499060160672,
1227,2021-07-09,DE,basic,4,10.664117882600896,12.54833226342974,2.333294673090489,26.741216283654,3.60823811669279,8.910500442851887,0,81.9111374881309,
1228,2021-08-13,DE,basic,5,30.351853851646204,5.47985406907582,18.15918669215027,12.008163289038071,4.986423670715135,32.03369050258591,0,201.03117656778375,
1229,2021-05-09,FR,basic,4,24.239264815935897,13.171217016799709,7.155252182615062,29.572134909958876,27.743907329217322,22.3952765530435,0,215.2849372373993,
1230,2021-05-01,US,basic,4,27.718152040020524,16.851235183177597,10.022908829714481,3.703939048424976,13.307756195020968,22.508243343427466,1,0.0,switched_competitor
1231,2021-01-27,FR,basic,4,27.383252862003875,21.66028176102168,14.770697377156814,10.975299089168495,11.097235795460561,6.6471218211163,0,127.2572109327011,
1232,2021-07-09,FR,enterprise,5,37.06704911871665,13.576142903619147,44.705062517121384,25.881665789201644,11.688074829302241,6.408206985694177,1,0.0,other
1233,2021-05-01,US,basic,4,8.595801244556727,41.35700694725059,23.334953658007098,2.840504950041451,52.58821745418481,8.154365216350207,0,204.10180452398214,
1234,2021-04-26,DE,pro,2,19.553494746905663,42.77001789705284,14.510086529580082,23.358387818507182,32.65547449794471,24.61361935633512,0,100.82332423561135,
1235,2021-07-24,DE,basic,5,3.1931015266815144,57.81434856101119,4.722368079650768,20.68095535612883,26.088286223686747,11.339911026663303,0,117.61822650726967,
1236,2021-08-21,DE,enterprise,4,3.226287447489398,21.620250341083423,15.88914169134071,9.529758731149107,15.220562016778945,7.041162064435257,1,0.0,other
1237,2021-01-03,DE,enterprise,5,18.083644445622802,13.101361620963756,7.002919295553695,23.37817471585373,3.442412447134207,37.047460650602474,0,157.52941488002722,
1238,2021-04-13,DE,basic,3,14.986651463910219,20.460551160759962,32.83680002565069,10.012089833017082,16.495132220978906,6.746535134302456,0,75.67504913479559,
1239,2021-07-17,DE,enterprise,2,17.059474227045634,13.845915043801133,15.435310585652577,28.051875118171424,12.622289426504128,21.757379709708644,0,101.20962278327794,
1240,2021-07-19,FR,basic,4,25.823104785599075,36.67604286900111,6.064805890405656,21.77544480344574,2.812030093458222,9.258502004866228,1,0.0,too_expensive
1241,2021-06-04,FR,pro,3,43.391596244548126,26.627676379539572,14.686230227879946,32.549195367834265,55.22880980704396,4.327309658277112,0,178.0738230260029,
1242,2021-05-17,DE,basic,3,16.706514287313368,11.273029921260031,31.915984977006254,61.57809993915112,31.3518609120038,39.45766401528394,0,232.6174712193087,
1243,2021-03-03,FR,enterprise,5,14.669051028366887,26.951261907541525,31.062492061017362,21.99439974821557,24.096664401611747,6.047413492809477,1,0.0,other
1244,2021-06-14,DE,basic,3,9.081942423678399,2.6888286086671287,13.581665021346332,35.56402612522589,2.525510962296702,41.24148353392779,0,256.7865776621106,
1245,2021-08-13,DE,pro,2,30.66678903098118,44.68976556132337,27.026717801946326,6.162941321930125,37.070140405421746,15.9464388052844,0,104.98761415374345,
1246,2021-02-20,DE,pro,2,9.785523858007249,9.232805823251395,19.135910659294563,25.844227876505673,12.356070707778752,17.012068185751538,0,206.0147128587237,
1247,2021-08-22,US,basic,1,13.324801095967329,40.797802884303316,12.31833134686882,1.654653563175728,11.403987655642174,31.069285028564554,0,55.88499826353793,
1248,2021-06-21,DE,basic,2,26.253371015693553,11.262285981765139,3.1648802028206315,27.027195975449597,22.315391168811423,27.52295643901403,0,185.78431079378944,
1249,2021-06-01,DE,basic,3,17.70610043031417,17.632791271217634,25.753761489760794,6.253549740350644,18.556198276450242,21.58385107259539,0,142.19360003086257,
1250,2021-07-26,DE,basic,2,16.967174519830895,12.690286122571006,8.375759733060846,29.703873688898376,4.416109810421465,12.434761327159675,0,114.58231553660842,
1251,2021-02-28,FR,pro,5,7.888665877166799,23.07292154579658,18.670160351650605,37.99697849785925,13.570828892149454,26.064543591032745,0,234.52369742494173,
1252,2021-04-28,US,basic,1,21.376932841254465,5.780328651209557,2.92387397541324,25.64585778063006,4.678562815132874,29.78414550042011,1,0.0,other
1253,2021-06-09,DE,basic,3,63.86034288094624,1.2306768610046637,17.639470970296543,2.8435115545285026,5.077832924377461,3.7756101838977525,0,69.23769318647771,
1254,2021-04-06,DE,basic,1,4.941887065914302,38.828977293595784,14.688969455197151,12.173664313522924,22.99549460899037,16.959000636593466,0,159.99358583318036,
1255,2021-08-04,DE,pro,3,6.081853619051207,44.40305386439624,22.85813249660688,58.52260461012938,16.638117543212264,1.1650312127924018,0,113.50770794390269,
1256,2021-08-21,DE,basic,5,28.94125533977135,11.24595873701396,12.86239219929566,25.030029746685976,46.210988179194075,23.857914453146776,0,134.24346556769925,
1257,2021-06-29,FR,basic,1,19.911292566784823,8.000545910025581,16.988411034813453,28.61230403058865,7.01573454995348,6.297272780668238,0,204.0321928541754,
1258,2021-04-23,DE,basic,4,41.34042384155449,13.930325069870273,31.26223245413798,6.942856435113091,50.396514203878155,24.949756415267238,0,121.89756830085915,
1259,2021-03-03,US,basic,3,8.832504438418734,5.903546514373858,57.76936143258423,8.151759138600088,9.442344353044973,15.551278948994739,1,0.0,too_expensive
1260,2021-08-29,US,pro,4,30.997463918481635,21.519264959875933,66.84590430256989,14.569028040191023,10.767987995801871,22.351900813693838,0,92.98912142817876,
1261,2021-07-05,DE,basic,1,21.380004817478575,12.293153653091286,74.66158698428417,32.66518457072356,7.699864171731344,48.40403446497693,0,187.56716794209953,
1262,2021-02-21,US,basic,4,7.183039493393655,10.938120150476484,16.148622515792535,8.764660206569546,20.795751943763555,7.76427958107384,0,182.91195604353757,
1263,2021-01-12,US,pro,4,9.81919285529936,10.115048446824218,18.683147312599502,55.40624993788546,28.118154971936278,15.694016858269794,1,0.0,too_expensive
1264,2021-02-08,DE,pro,1,16.86599788285124,15.332619262779621,56.117900274343704,4.151648901444968,9.113789048749265,18.81653459450366,0,116.47236244695314,
1265,2021-05-10,US,basic,5,7.859088217992515,12.45081381882562,39.405992958308055,14.447081066161529,44.06148179571855,5.361247318101352,1,0.0,missing_features
1266,2021-05-11,DE,pro,4,35.83022103291042,15.636209300355365,9.96695673767789,41.38221455969037,6.575037742241486,31.665024644431664,0,206.41419649830993,
1267,2021-04-23,DE,enterprise,4,27.954887440089596,9.368273867398978,7.916217601617656,6.914193642877441,17.251988499619824,43.99308896116074,1,0.0,other
1268,2021-04-11,DE,basic,5,11.12514406066174,33.29078718482676,2.1693070918574224,11.493241440301833,24.542642358734952,19.93868079868199,0,150.39767240174558,
1269,2021-04-23,DE,pro,4,14.690044965457014,21.519700437871524,21.689261187942,19.031995235124807,32.507624019783016,51.96007566302745,0,80.76416638503372,
1270,2021-07-03,DE,pro,4,32.0848550931326,15.72488981298192,41.25839675169986,7.05283607524782,41.04815631933644,25.863867903659234,0,101.3818172892326,
1271,2021-03-22,US,basic,4,15.834691536418731,6.665535652517667,8.658620685961498,3.3268383055357944,13.83487880211951,18.729304919098464,0,162.90443785073845,
1272,2021-07-06,DE,basic,2,57.57318697951453,31.874666879602703,8.98229499817873,9.187972388390863,24.79166683230844,32.74002871770636,0,76.34804703978024,
1273,2021-04-23,DE,basic,5,24.35879492161874,9.782688132044683,25.527061542630534,38.021333908578335,25.202010449930043,15.429110595799397,0,201.42653674285157,
1274,2021-01-02,FR,enterprise,4,8.192546018089153,17.58584806930575,34.37577680188812,14.409214626376363,7.842520113761031,14.378800890393064,0,201.01091145486149,
1275,2021-05-10,DE,enterprise,5,6.417238486409419,10.143634361249156,19.367078580408844,6.764029296507444,14.02954620239388,25.48606307212288,0,224.0861610820965,
1276,2021-08-08,FR,pro,3,34.40649950078209,26.63409900511597,8.678490755591422,6.973310662156384,6.686453646318579,58.91240205119005,0,187.77828434353253,
1277,2021-02-23,DE,basic,3,11.626369243552897,9.96660526230516,13.782331899878976,31.42731999980601,11.101753424469793,7.592394117363197,0,231.12941390088304,
1278,2021-03-28,US,pro,4,18.53708838797079,27.029886796782403,12.216018829825604,9.4369796838914,14.805386412894393,5.177090750814054,0,160.26855332425234,
1279,2021-08-17,FR,pro,5,16.885677245830554,8.529718892563578,24.760512153440715,22.93810836957338,24.277310870805774,21.940860609747162,0,166.3411502693825,
1280,2021-08-12,US,basic,5,4.314878288908568,2.0973218233945614,8.735147423987204,13.025927896504006,11.012953482310312,1.7403134464090997,0,219.33334851383879,
1281,2021-08-13,US,basic,5,4.252600519088745,9.378738012326886,5.199395720205424,21.399820357513054,32.31818858191375,12.202843635825465,1,0.0,missing_features
1282,2021-05-09,US,pro,2,38.237663895334116,20.13869462313217,2.2453790793057995,31.488475047301762,4.358827705647798,16.244381254685635,0,76.76290561723914,
1283,2021-05-27,DE,basic,3,12.86641770590315,5.565103109634717,10.091798108668025,33.19100383991157,11.610229921868937,10.840025959599465,0,194.5725069712368,
1284,2021-05-06,DE,pro,5,12.325553295815592,14.54392352567044,31.977247552153027,7.552509755378373,10.100988351795767,41.830237206324256,0,242.07733509099944,
1285,2021-05-10,US,basic,5,61.25135899237663,14.570816527997543,7.538162982578532,14.702206623636524,31.246947394488025,40.08024665765775,0,192.82739674263405,
1286,2021-02-22,FR,basic,2,32.60648656354006,49.60542437552327,3.4884389931987196,11.137184993828884,12.793706843083507,56.02814643461479,0,164.78342801905168,
1287,2021-06-21,US,basic,2,47.08911488348133,7.807413924367045,5.350399130716875,36.064756324983435,10.816669449295153,17.274591804111616,0,192.4665675464467,
1288,2021-08-06,US,basic,5,39.13091165959661,46.20566574672995,6.756457244260677,7.443827606979818,5.2067005748775985,19.50421065264077,0,232.5762869617641,
1289,2021-06-09,US,enterprise,1,29.464361545138157,7.850878042408887,10.185008523390788,22.50760899102272,25.969545287716883,11.331612856467297,1,0.0,missing_features
1290,2021-07-17,US,basic,5,45.70313812480652,24.377942394101566,4.76851883442583,21.68300946022967,3.017867973564334,36.44764811078873,0,177.17067050759576,
1291,2021-06-09,DE,enterprise,5,8.642771232039076,12.806807243460609,28.882493214929767,8.090808926687318,26.672241536349205,3.710683964311074,0,106.5581070727414,
1292,2021-03-09,DE,pro,2,7.70344586638275,11.31410049717682,6.048474936869805,3.3478977740932363,14.932593022415565,12.443026117434325,1,0.0,switched_competitor
1293,2021-07-02,DE,pro,2,4.273209772250262,4.1923781057846,20.286205149373107,9.798379335706164,10.39322675675318,37.301800673387994,0,151.5701419609497,
1294,2021-07-22,US,basic,5,2.7689913503543813,24.263710092049813,9.967399595008787,13.16707482503505,12.327220635597605,14.92042625445828,0,104.04948885344882,
1295,2021-07-03,US,pro,5,18.250889294075254,32.648007694193375,8.129350391818202,13.800618092901901,12.794992434609721,10.764652971218954,0,87.6177629676886,
1296,2021-05-03,US,pro,5,3.712101342427863,23.692268559654522,27.135179994598474,12.784085273557821,12.618471352362787,8.95053217415128,0,150.72160716782727,
1297,2021-05-25,FR,basic,2,5.896139510463637,9.200543992838524,14.935213420705637,26.416167991233973,1.6781628908731152,7.572509133762596,0,82.9789965365071,
1298,2021-02-07,US,basic,5,14.007327373077407,12.261160161119042,37.567320479964,29.35490777944509,33.06079377439755,10.882999127335555,0,103.95854788292328,
1299,2021-01-24,DE,enterprise,5,0.5393142966383053,14.142520564719474,10.370663608873674,34.68943577930092,5.88365127140481,23.803910069738656,0,208.5644011045143,
1300,2021-03-10,FR,enterprise,4,15.687615463023201,25.76465718012914,5.984609203126622,9.009216964273696,6.560745339277173,17.341457224465533,0,122.00223683365058,
1301,2021-04-26,DE,basic,1,16.861316944107458,35.61229970996019,12.203105915987543,15.268363195493947,13.259308315767267,43.75074312039863,1,0.0,missing_features
1302,2021-04-08,FR,pro,3,58.64822742445055,13.303928056224345,9.334680066957334,43.06950335573624,28.40782211411505,3.884463880899621,0,246.27177386293025,
1303,2021-07-17,US,enterprise,1,19.61818615322689,2.460734845087746,48.32613159505136,14.7204224461956,19.928440652770757,9.624019280200951,1,0.0,missing_features
1304,2021-08-02,DE,enterprise,4,18.274742865839762,2.4245338453120544,9.005433501935878,10.772358064022729,6.831993708223557,5.397185407458405,1,0.0,missing_features
1305,2021-05-19,DE,enterprise,3,45.69227190194937,8.451846478129834,20.75235238856815,24.635387118362484,42.23458977521056,8.843050418181067,0,176.25176410852538,
1306,2021-08-28,DE,pro,5,13.782512943229051,31.74787712058024,15.813715622993518,27.19539636784031,13.892012978806553,9.958866018346242,0,169.55315095496096,
1307,2021-05-24,US,basic,4,19.27362549913147,24.702647309049247,5.874448127641246,14.790465018102271,52.95794282117151,24.087626521393478,0,213.9656655829282,
1308,2021-04-07,US,basic,5,32.8070642993804,26.782728038764787,7.593253027242524,12.017847964903318,22.877805457067023,26.43580490382172,0,211.91533212042512,
1309,2021-07-20,US,basic,2,8.803565929970224,8.956141501076234,18.014187514970047,6.591277693240798,23.541999180218838,25.024787345592017,0,204.27414197265136,
1310,2021-05-04,DE,pro,4,32.96579889108505,11.474757136704898,18.068199136160516,12.489643092051645,8.48078520529609,31.00418465468376,0,104.47780974611577,
1311,2021-07-06,FR,pro,2,4.599474304913075,31.09141565564851,12.055118290347902,4.888844762550234,2.7661955075844653,34.385672042266805,0,68.04495640751067,
1312,2021-03-11,DE,basic,4,26.9028542146108,47.633278568503755,14.579115468409917,35.114967234757046,7.3750552512623635,22.71903898699039,0,126.02338478886813,
1313,2021-07-27,US,enterprise,4,27.022881527634222,31.53549069334946,2.8583942158034303,3.948706672294415,29.243806151855836,29.42117989173269,0,83.43122758700666,
1314,2021-04-03,FR,pro,2,12.061014782994704,31.548379245624282,7.416451163946219,9.793206761111396,19.037596732622553,13.645255158479095,0,187.58396902278292,
1315,2021-01-03,US,pro,3,14.453617400809392,8.605721866701327,31.92718976103055,19.33780905228652,5.067346198712837,4.680167568299126,1,0.0,missing_features
1316,2021-05-28,US,basic,1,48.89799937764017,25.996745746096078,10.159653676580348,17.483428158044767,52.00732972248905,9.392470062871219,0,75.6867182129101,
1317,2021-07-06,US,pro,5,15.316290479991732,4.794661543041279,31.825099651285633,8.224258350790526,17.311591796455733,42.87601372020858,0,199.8902439834465,
1318,2021-06-13,DE,basic,4,24.606483008416035,34.70883008456448,35.21157897439415,20.93090290858359,19.50824194369964,6.217832747385788,0,96.95564929882457,
1319,2021-05-27,US,basic,5,17.342084075423173,21.230957036865785,34.94165467786455,5.154744712609576,25.13062420952493,12.399905762596621,0,139.0140659109532,
1320,2021-03-31,DE,basic,2,9.49670456391746,13.238497185143501,47.13655401933809,19.49951895851072,9.199164976092977,5.2153202151843026,0,176.54878020058405,
1321,2021-07-14,FR,basic,5,10.078951975316938,1.5590326804580568,22.7315607297327,8.965661253806106,39.83777399023105,32.356529999618374,1,0.0,too_expensive
1322,2021-05-27,US,basic,2,22.276735567360426,12.902595331582758,45.92815516745915,4.694711632970276,3.4609518432454016,16.10498803680543,1,0.0,other
1323,2021-05-28,DE,pro,5,42.37287579067037,16.376882610005193,30.431002662684882,13.265545352588635,25.502869566397873,12.645843060302198,0,66.09016543449026,
1324,2021-04-06,US,basic,1,4.897460390312554,17.665556148177618,2.5412808492776726,30.768931062482462,75.6783494764881,1.793997170081802,1,0.0,switched_competitor
1325,2021-07-18,US,pro,1,46.46885326756646,13.388251632580111,21.213090033532822,8.568667277461689,2.3488929181557108,16.82110499973299,0,195.92882370555805,
1326,2021-02-21,DE,basic,1,26.343598253733866,10.566359568784325,66.77240210342289,27.143205616927702,4.268109841971286,35.228109457619816,0,215.79924571840363,
1327,2021-08-21,US,enterprise,1,13.793053828955424,7.767110102520983,1.9897617297446097,15.98871397991692,31.107108871904423,26.888966686059035,0,134.08767138310202,
1328,2021-06-10,DE,enterprise,1,21.301246495395503,47.605462303663344,15.61966307362298,6.947952913523036,2.782592163503991,9.663561277247322,0,132.64846047850088,
1329,2021-06-17,DE,basic,1,26.019259054704055,56.67662901314162,5.768455395425704,12.057044714000401,24.010115554755536,7.494620957815222,0,181.3470781007898,
1330,2021-05-08,DE,basic,2,6.189766493224337,19.331567417038535,7.963738074916157,14.558090280322178,16.81031608329707,18.110869239686327,0,224.63562457363753,
1331,2021-02-08,DE,basic,4,14.734869112754708,8.34293919423629,10.03142125940235,4.047300492412572,25.284812381374163,3.6485325364481325,1,0.0,too_expensive
1332,2021-03-23,DE,pro,5,16.7158123953719,6.333916286204798,21.116949658562273,11.794884703744732,9.50768041393119,24.529121638094814,0,142.91813128960538,
1333,2021-04-14,DE,pro,1,3.253315898542017,13.31171482705763,11.91284721060953,4.806481734164843,13.956315539179071,5.8296782175798185,0,186.18321857758065,
1334,2021-05-09,DE,basic,2,30.062286636363368,55.24139409155366,20.615590471832984,29.15002638823621,17.561688652457793,7.84300856087201,0,178.57470454194484,
1335,2021-01-11,US,pro,2,9.897001160458041,20.031269293740834,54.02833085707232,22.67546926052519,30.774199486655295,7.631336036356306,0,85.0711123615102,
1336,2021-08-08,US,basic,2,10.397134289508099,37.06221458329084,32.83394955142465,21.752476056351114,6.701559120103554,27.65114134546209,0,177.5670414196582,
1337,2021-07-04,FR,basic,4,15.617525148068516,36.59057876266969,17.946163485769958,9.185305373729648,10.728385561236614,7.025404275347196,0,102.49344009003636,
1338,2021-08-05,DE,pro,5,23.142909193684844,26.59187275478669,12.824738688970356,7.134809910557881,11.088880457984342,7.740657691511148,0,151.98916850322072,
1339,2021-06-27,US,basic,4,21.931167260061173,5.871171947256688,22.322667882392576,19.602414249012995,37.35371292716659,45.613215699587634,0,161.4394249949985,
1340,2021-05-31,DE,pro,3,17.29354559058025,36.6851539827013,2.5248560002881923,28.650693779912956,3.5782020703249224,25.738438676442456,0,213.07188580193383,
1341,2021-06-08,US,basic,2,21.32830401911874,5.203375988674651,11.005386723811952,58.09242281750965,46.172883954766164,18.09674684498487,0,151.72477250433064,
1342,2021-08-10,FR,enterprise,3,9.021206690292088,8.652925410896449,22.992835621179616,36.14050183419093,25.958425663811532,17.997435468493027,0,112.48077155286654,
1343,2021-02-11,US,basic,1,18.777564448801293,20.65515232683252,17.704509451200522,40.59548254132969,22.77961803716668,1.6880997554508967,0,87.80432613452673,
1344,2021-04-09,US,basic,1,24.80145791035879,12.252175262484501,34.31106746225545,33.352001774590846,6.947399453387607,19.65343758644939,0,227.72918748248594,
1345,2021-01-07,US,pro,4,10.233564876607257,20.500476108029424,30.975148765798185,14.752094764779356,26.6179981476961,39.649899663118845,0,89.49290730757727,
1346,2021-05-24,DE,basic,5,17.013496011241575,4.900983295050956,21.778138788937824,7.839851348742682,14.926232342805472,7.733142830298942,0,133.9751138687874,
1347,2021-03-31,FR,enterprise,3,25.197036773634846,8.67239788639624,11.95297504265989,1.9484923687739757,18.286031895614755,5.597684012496211,0,89.26448608041808,
1348,2021-04-22,US,pro,5,15.59458925924873,25.81965309911483,9.904351812572044,13.430447505425319,48.6621699226626,3.7244700578873795,1,0.0,switched_competitor
1349,2021-09-01,FR,pro,4,5.2168743118481355,83.94843380809277,35.7574954432319,32.33045590679464,13.745405180745333,20.7634708658764,0,147.68342834616965,
1350,2021-03-01,US,pro,1,41.88125658672371,42.49914859901801,21.910700904069003,10.217339376414635,42.503056883537965,25.178992819234946,0,113.33006434857315,
1351,2021-04-23,FR,enterprise,5,36.90954312493684,3.418961459441316,7.518057604520012,17.801182888266855,12.668154487587401,26.170233686367656,0,109.31180856793955,
1352,2021-01-02,US,enterprise,5,16.58480282205441,13.274869906868844,32.12396457577293,10.17763355541905,6.184675369954636,10.311389070385173,0,202.75390181914008,
1353,2021-05-09,US,pro,1,46.06463913074723,9.88390847001543,21.16184859318122,22.58693961407881,4.9154537139478816,35.64303904565891,0,163.49649028139922,
1354,2021-02-17,DE,pro,3,25.994284723918764,16.263145418879184,14.631182917735062,13.163500579922328,19.67654246024335,1.7357540341433273,0,187.59683173799485,
1355,2021-05-20,FR,basic,1,14.129070837068927,20.471129340082346,28.591133147390448,0.5654953230137505,27.957326731592836,9.318767071573328,0,232.59886417089297,
1356,2021-07-16,FR,basic,5,9.202195107092711,10.413674564950954,24.177735402520785,4.9409787206429625,25.546618356466695,11.794735812847366,0,221.66437435986535,
1357,2021-02-06,DE,pro,3,6.222432754581805,33.497044380198695,40.41706224182259,26.0151346052599,34.07387864977599,26.12440857663309,0,127.55676086317733,
1358,2021-06-09,FR,basic,3,14.758611774547749,37.58641848749292,40.2002733392441,1.516928176817437,23.389631735966837,3.8341456127232365,0,224.51308128584847,
1359,2021-01-09,US,basic,1,7.746382421762443,36.181137721725264,10.607701273536588,17.20286829710402,4.437323017616236,16.588702511914533,0,60.126236668606786,
1360,2021-08-21,FR,basic,5,8.3563190792257,7.410538104056448,15.758714756491623,25.638990427374956,19.684188050979238,31.954050631159504,0,127.92564256224588,
1361,2021-04-09,DE,basic,4,21.437288062044995,21.248975156692595,12.300759742790222,4.477749104449055,9.587683501579525,28.511628270137127,0,219.77402453112012,
1362,2021-05-27,DE,pro,5,4.63970956008121,33.93231212431505,53.728381808863105,32.532462920662894,17.252715594592537,9.684118408144789,0,107.03098805072986,
1363,2021-02-17,FR,enterprise,2,3.354519860440481,29.647185890456022,28.838115044530596,42.23439479944762,12.382735701907597,22.669384179262543,0,100.43351553275534,
1364,2021-07-27,DE,basic,4,17.998347858534693,28.25384582423083,15.952428970198195,5.42633530118863,10.977436183933534,10.424545858553333,1,0.0,switched_competitor
1365,2021-05-11,DE,pro,3,25.46392171098568,43.012163944662504,8.763053281196381,9.818879270918606,12.990826508956285,10.736678201461839,0,176.52657499233092,
1366,2021-05-28,DE,enterprise,4,22.48428211863366,11.410023679277188,17.235710424507815,18.60886128000315,45.62692513388781,14.191328274374088,0,144.0925031541608,
1367,2021-06-01,FR,basic,3,3.4604534748105102,2.791432983294278,1.3649588432043496,46.54984588319819,1.7834828024332696,48.40401481605638,0,184.6735783128645,
1368,2021-02-23,US,pro,3,9.07756071112789,13.12942853982518,12.704061272979434,11.948569240549274,5.223273068762406,47.233777824893856,1,0.0,too_expensive
1369,2021-04-30,FR,basic,4,10.079864809426466,13.75457825350779,6.86522823048492,28.076374038420887,5.848349887757309,31.244448121267027,1,0.0,missing_features
1370,2021-06-10,DE,basic,3,3.707587740302441,76.18553292588689,31.60037468042946,17.478740300610756,12.145154342185066,5.911715898334302,0,107.86572715348692,
1371,2021-06-01,US,enterprise,3,17.09076270731391,9.674700382451679,12.845869436642873,9.78210668228429,24.349611344886966,30.948016217102076,0,214.7601464916367,
1372,2021-04-26,DE,basic,2,19.583477757269748,37.02388818366291,18.111146867406422,2.7139304718215977,11.530296503108355,14.26870628229565,1,0.0,too_expensive
1373,2021-03-16,DE,pro,5,14.338988883613599,66.77757739998941,15.090767693912815,8.43284699970226,26.578434755321982,24.76148868635232,0,84.91550581457902,
1374,2021-04-23,DE,pro,5,3.6417361432366087,57.2543527638901,32.53323434842909,8.45180190664047,32.56811678942009,8.910251432237047,0,77.80526978353474,
1375,2021-07-19,DE,basic,2,57.623189010217246,16.41658815947734,33.110686573882745,52.35695338267922,2.942900076609308,27.502422714869684,0,176.78045142872782,
1376,2021-06-13,US,pro,4,8.283701915779528,29.96292944405736,24.47640749302533,30.39572572283644,31.54963959084016,28.407455333756925,1,0.0,switched_competitor
1377,2021-06-15,DE,enterprise,1,32.34347801848042,19.943980555284266,21.010555883414554,11.808478896214762,27.203250064256697,18.454228112572928,1,0.0,switched_competitor
1378,2021-04-14,FR,basic,1,42.326146639936084,8.307658902198147,3.464711689780678,18.137355082709128,35.84656163663338,25.283873974369296,0,112.52732385643168,
1379,2021-03-25,US,enterprise,1,11.961587632373105,41.25640376196128,14.071055669859554,9.29303544928753,14.715851720700641,24.813596279119757,0,121.40667117694936,
1380,2021-08-15,DE,pro,2,22.524508261893644,25.652893342268477,36.989995977127535,37.986919480148494,18.48721040251703,9.51537415503141,0,176.29159517178834,
1381,2021-04-22,US,pro,2,4.742865975250888,7.3856650575511384,19.390731158830043,9.443520629334566,27.52858016740349,41.15986490735017,1,0.0,missing_features
1382,2021-08-05,DE,pro,3,12.371630749776621,12.287693159056124,12.876437801102389,8.478293948189918,17.467022462186556,12.390452045676074,0,192.9899275084872,
1383,2021-04-09,DE,basic,1,23.078991824347902,14.737911063675588,11.090266270563621,16.91584624389628,3.270087265813766,3.6135666518629224,0,112.1168082432626,
1384,2021-06-02,DE,enterprise,4,16.810917805332846,37.98196772395386,11.151422627989998,4.393671545240919,6.182065802914204,40.27284165270852,0,97.60182924143031,
1385,2021-04-03,US,enterprise,4,27.609256900098075,5.635160451074838,17.933413863887697,13.988834802360328,14.89687030682167,17.57199434543987,0,235.7488013755663,
1386,2021-05-26,DE,pro,1,11.220367940345978,5.612640378268986,10.120400910662532,9.652426512884961,44.86643708687227,27.65534721201259,0,57.924557707254046,
1387,2021-05-08,US,pro,1,32.34037340872747,19.642781554720717,35.16949536446592,23.361530020158433,22.5505018258892,16.80821007155823,0,222.03072243240698,
1388,2021-04-20,US,pro,1,7.148572823952785,6.954782750615204,2.9085849764224205,39.734908069581785,8.12773661719816,3.9241249626905623,1,0.0,too_expensive
1389,2021-03-23,US,basic,2,22.740238361636056,14.432948003703396,28.291347538553197,16.300772839771327,8.763992099491219,12.60133395494899,0,223.58536638225357,
1390,2021-07-13,US,pro,2,10.310924469214163,11.064540444003,42.02743350821872,18.246235687686138,9.111634457212933,16.826809552766708,1,0.0,other
1391,2021-02-23,DE,pro,2,3.081404385956179,1.6956095176787427,6.403508872110734,26.498314968430932,12.52780930475111,28.413155904321137,0,141.65888167321924,
1392,2021-06-12,DE,pro,5,27.260017153133948,9.286499586705489,26.19433272719098,3.2465150913654757,13.35128711940876,18.39494084672733,0,186.74585675679995,
1393,2021-07-27,DE,pro,4,8.894275697268283,14.06150421321648,22.117537442731454,10.910363831655657,12.661246445458787,12.58073814619709,0,169.9803167173949,
1394,2021-07-08,US,basic,4,6.63971511326724,32.38516223936065,8.2865365256841,27.970099806968456,12.928194413659142,13.2886225180285,1,0.0,switched_competitor
1395,2021-06-18,FR,basic,3,37.84047369452661,57.902479593247165,5.8152454169217895,35.84438151063687,3.3887460207970417,27.095520837238986,0,180.59141310386883,
1396,2021-08-16,DE,basic,2,29.662864543929853,8.494567908822507,23.43191279611981,26.526654955649388,3.4603994031294656,29.76829991232146,0,191.77411682417608,
1397,2021-06-10,DE,basic,5,6.370139469024326,18.994669426445437,54.26185641777609,43.299635856023606,10.139144347703875,6.791652723965917,0,47.988561163635325,
1398,2021-03-09,FR,pro,5,5.489554168696546,24.17006559166817,38.4201364241588,8.827335070008807,5.22369099435457,17.814706879186247,0,73.98682020861631,
1399,2021-02-02,FR,pro,4,11.40286053811568,72.33712509794397,26.32961529610779,34.32897304627316,12.81443062858733,29.217853939210766,0,134.9381640062917,
1400,2021-05-22,US,pro,2,5.885521229348161,10.600315870299637,23.17567962759956,16.20594873624794,26.702885414457455,47.89286865331977,0,94.16772473739387,
1401,2021-01-21,US,basic,3,43.506789554285234,8.05685158850925,19.376936184953657,2.4126636216570536,34.960833967055976,39.71895375594665,0,180.7976473407751,
1402,2021-02-17,FR,pro,2,2.8626734622981846,12.420836162687518,15.643319686441195,22.354393709169145,26.575388605811558,4.330810606489514,0,82.82529387254829,
1403,2021-05-28,DE,basic,1,52.43768036392957,8.001174355092255,24.32961350971334,13.618717863143996,15.585720641119922,16.303471462457026,0,140.5258163092726,
1404,2021-05-08,US,basic,2,22.117818924156328,27.013536073918534,8.18029761141656,58.65328764497245,23.442809920410323,4.226856172854773,0,97.45786311864765,
1405,2021-05-16,DE,pro,1,25.13565311615722,33.11253804597289,30.493182812444015,19.823561154417156,15.158817887500174,45.47632886949741,0,170.24476012871114,
1406,2021-05-15,FR,enterprise,1,18.063506048827513,20.180161848464504,16.515774563872647,11.722439769628801,13.338017478932848,19.497015519442968,0,86.11126139310657,
1407,2021-07-14,DE,basic,3,3.4205510259237037,19.169033809157213,16.716815426638917,17.89540783280512,23.739748330099495,29.66983206238425,1,0.0,too_expensive
1408,2021-05-25,DE,basic,4,29.142259639812444,41.839758342268794,47.60498974813514,11.227458282788675,11.954540319319328,7.45135680006887,0,79.22638758539063,
1409,2021-05-08,FR,basic,2,17.10064145928649,14.165901025566699,5.257471273790074,5.9679726974990785,3.419546797792283,9.723288882917263,0,227.62587514475254,
1410,2021-02-02,US,basic,1,7.119257507551592,29.348564171938932,26.99694063718381,16.756736169628176,11.534128012558087,21.57673595358657,0,102.8141724385178,
1411,2021-06-25,US,pro,2,34.89982291809803,13.965373166417631,43.68181276353796,8.302356655898162,2.8269349355608457,37.637795211992305,0,183.97828669112675,
1412,2021-07-23,DE,basic,4,33.105611670333495,5.796254574601799,24.643152833178906,30.039881497982993,11.012950841829882,2.7243402774471734,1,0.0,missing_features
1413,2021-07-06,FR,pro,4,35.01663739442168,37.5092491028642,19.80341901421948,59.19494158627056,20.060323897904638,34.71165659417077,0,71.24966007659526,
1414,2021-04-25,US,basic,5,31.6709028857531,21.10544219482226,16.095651840862367,12.206754821034124,18.59240691893477,19.651229399611537,0,146.6117448969385,
1415,2021-08-02,DE,basic,4,10.660803286674529,35.179877530810664,30.581392786313177,44.64387309655474,15.596804815297185,2.1717646424607313,0,136.04736059446068,
1416,2021-04-29,DE,basic,3,24.65561731386297,22.9129939911409,23.944036563884392,3.736122261115108,13.43735776251259,27.226878029420924,0,243.04894395283924,
1417,2021-01-22,DE,basic,1,34.40069160597368,24.98479842230491,13.148610300644002,32.14708218305295,19.023084339919453,28.394840856189653,0,216.7552985481882,
1418,2021-08-26,DE,basic,5,31.93701269929001,8.215674363885599,16.039470165680335,19.734999809849214,23.61124086826362,17.155798365033725,1,0.0,missing_features
1419,2021-06-07,FR,basic,3,0.9332554674809019,24.517106532148773,23.811618936794822,24.02032511091373,11.108932087245291,10.534136777705898,0,176.66493063810026,
1420,2021-02-07,DE,pro,2,15.718590050278758,41.564466958054844,7.328164470770036,36.58292875167387,5.175385311868926,8.040666695123262,0,155.66833236020773,
1421,2021-08-18,DE,basic,1,9.056799921397635,15.61324148935243,10.144955962027883,21.14540545138023,19.53910886714995,23.211033959022146,1,0.0,other
1422,2021-04-19,DE,enterprise,4,43.13310968052943,10.152053447808862,41.07778719261731,4.113609417094107,6.039595274738453,4.753455415760796,0,220.20882087485717,
1423,2021-02-20,DE,basic,1,15.900392142085254,30.11501738559435,12.49963440314188,27.19981679501968,7.044814707975626,42.55072272544049,0,166.8060055828438,
1424,2021-07-01,US,pro,2,23.25449651147116,5.09076376086637,5.83344120318515,23.76390910970718,28.79969936750409,8.144944053763947,1,0.0,switched_competitor
1425,2021-01-08,US,pro,5,19.28746323767808,45.23172033270577,24.682804687414894,12.809931397642009,19.08760658456557,32.470112297798835,0,102.58950130340607,
1426,2021-01-27,DE,pro,5,40.16737525350245,13.8207671390155,40.79718637005219,14.578864058187955,39.99218846367022,27.81723804253526,0,72.07288474117847,
1427,2021-01-27,US,pro,5,52.911955029655175,29.41498188533103,5.11113548942972,28.689555452304482,31.907988912224788,21.141836610998098,0,243.78680571563163,
1428,2021-08-14,US,pro,4,17.187577997172593,21.23708646905607,33.89429582017276,19.15389506204251,15.647272863932859,34.19762267102286,0,122.29238013632387,
1429,2021-01-21,DE,pro,3,20.014019772588224,37.639544653767786,43.686680526870425,11.86889927637317,29.26754353644609,6.904467922239874,0,141.65043948371112,
1430,2021-01-30,DE,pro,3,41.74505529659811,39.00745403547978,32.64035014160611,17.916769708546347,5.7310662565758665,32.71631174000417,0,62.191573223220374,
1431,2021-04-07,US,pro,1,6.004471863980202,19.569768390052133,15.27999785371618,6.466119028125982,13.581549943337734,31.804041145448565,1,0.0,other
1432,2021-01-28,DE,basic,4,6.717607714953204,50.916251526960956,35.08064409140057,8.517317059862261,16.079060636436715,31.895150627981003,0,60.92697873212563,
1433,2021-04-21,DE,basic,5,9.610188992086302,4.640093986941282,37.45158404051236,16.24996692292091,12.084781516344732,24.12791177419287,0,190.34720538329285,
1434,2021-07-11,US,pro,5,28.75351427822189,24.07860592606611,6.17765808302246,15.594969321824061,27.984039488306813,6.69042000480287,0,74.15861643716235,
1435,2021-08-13,FR,pro,2,17.583407361837622,42.0707098940784,29.16786752715998,19.01262569595267,19.97558602856902,12.359735478755486,0,216.89701466163973,
1436,2021-07-16,DE,pro,2,9.696548070155869,24.894399544278908,18.361857832576188,16.027337831527674,19.527019054602242,34.985276952248,0,190.30189447349736,
1437,2021-03-02,DE,pro,5,38.56780474228195,10.127950594468434,17.81484879920304,5.176806622200353,43.50490386282178,12.633661212450448,0,94.6987499077515,
1438,2021-02-17,DE,enterprise,5,3.760809882789606,19.887988799094718,2.8537440018728892,44.212100706653686,15.710719449328119,6.803911722146686,1,0.0,other
1439,2021-05-27,FR,basic,4,9.293423325769323,10.84176955648811,2.093683550710381,35.53073875843082,33.21589721157066,64.05380428273145,0,118.75854301289755,
1440,2021-01-04,DE,basic,3,14.78565899502113,10.544235487433687,18.432093491871107,21.627378622138277,33.898838433243895,3.0219409344200985,0,87.90406331329437,
1441,2021-02-04,DE,basic,2,52.748172972846945,20.641174990162533,15.2291085826198,11.304827951670415,25.53772093484752,11.010737500560506,0,215.07292818953425,
1442,2021-07-11,DE,basic,3,9.538457383478379,0.7449658856800985,15.074688744334772,32.253484197474485,42.35810983566295,26.48278386113884,1,0.0,other
1443,2021-02-18,US,pro,4,24.6729277312595,14.241635444247567,13.782058532729675,29.77061195717669,17.500496580822333,67.85336072560408,1,0.0,other
1444,2021-01-17,US,basic,5,14.762680593916285,19.22923242607221,7.098779378233057,40.48714090796756,20.170174207909945,13.988248865328162,0,85.43317338417948,
1445,2021-06-21,DE,pro,3,5.5688748346941805,18.354015686426287,30.666772758303026,25.363737693539004,9.149477173321156,12.867672033612052,0,130.39364161052947,
1446,2021-08-08,DE,basic,5,24.33759396291122,8.868439924624296,43.26546039351088,12.872958076737985,11.30571424174013,15.800436143842154,0,225.58230771137497,
1447,2021-06-07,DE,pro,5,13.149052725751464,24.77206962897415,4.202809890935757,24.70340247183575,19.31198003811566,6.928331019557049,0,110.96723180983228,
1448,2021-08-09,US,pro,1,10.736910420956233,17.571353965907793,27.421517670065555,2.105069576117528,12.211736103870937,5.095482241798075,0,251.2669025002332,
1449,2021-02-15,DE,basic,3,4.727216017259039,61.24727038602403,5.377186072334236,12.046845518611063,22.068735750098046,32.54763039867486,0,242.1259093834292,
1450,2021-04-27,US,pro,3,17.6869887376865,25.612609364473094,13.707741919568956,51.62259948185913,16.15631582450425,17.81968746065399,0,68.96687382167288,
1451,2021-01-06,DE,basic,5,44.83854622564224,11.12715256300542,22.92561526372377,5.345984117922286,33.94212440704559,2.714745692001696,0,95.62984405011048,
1452,2021-04-09,DE,basic,4,9.936050617134576,29.67066653210701,9.283538186144241,3.018495333675158,15.174382145263275,6.596701639819673,1,0.0,missing_features
1453,2021-05-04,DE,basic,1,6.062728172942482,3.2045350651035283,7.977373192980282,13.135417750661546,31.583572155094473,46.39295276631864,0,126.72348508726836,
1454,2021-08-21,DE,basic,5,3.103946207772342,18.258870965328946,16.74344570376444,13.366980147132544,3.7742110184382494,39.109778897500554,0,64.29233177916272,
1455,2021-02-06,DE,basic,2,2.7549501094214293,21.135879520390837,30.39175061106123,30.671906122213652,8.354658928404595,8.383293318891917,0,119.80092290571116,
1456,2021-01-24,DE,pro,2,15.067702039764427,18.416004155036582,10.944640053702424,20.097757131305055,19.448833669529094,23.639207600124678,0,162.91448935346793,
1457,2021-04-03,DE,pro,1,17.82305580130624,8.412039897890345,7.930637139836028,16.51038693069613,11.055290888311013,4.106804868155924,1,0.0,switched_competitor
1458,2021-08-29,US,pro,4,22.318531252365844,18.01948424952155,11.518115968407159,3.4269818567119876,15.508225960649886,11.10221801668175,0,87.7316187004478,
1459,2021-02-15,DE,basic,5,15.613190432027748,6.028178624052104,36.69160547336859,16.777785093523118,14.506045151053417,92.58777988661012,1,0.0,other
1460,2021-06-30,DE,pro,3,19.180723760796617,51.555721166373154,17.03179649046714,8.929930539979125,14.248863599170123,20.805972370159736,0,215.9053639249789,
1461,2021-04-05,DE,basic,1,44.464620490166105,18.13279627383707,18.04877995528161,27.89717890498399,3.8040705531827737,11.357213309305031,0,212.44343522498443,
1462,2021-04-09,DE,basic,4,38.522111468873106,24.113177505415088,12.665482310231415,17.1686367942879,17.71613749263856,15.544959898352875,0,159.7271848684559,
1463,2021-07-07,FR,enterprise,3,37.231330528823314,4.37140942368596,14.541608996368563,0.9389014224018809,47.04376692151834,9.262689233663806,1,0.0,switched_competitor
1464,2021-08-13,FR,basic,2,33.47711212054325,10.374262250008396,27.89740156608587,39.346799102106175,16.636916798377346,4.256375359660486,0,141.71083153410171,
1465,2021-04-26,US,pro,2,26.64399644797372,26.033529217025126,18.494089339182814,6.222082262420072,16.516774887287514,39.73661646548575,0,202.58527373572565,
1466,2021-07-10,US,pro,3,3.659205181174032,34.024969289893264,51.71813725909823,18.301873051742092,49.96178434650289,2.222217854878426,0,120.68502426700377,
1467,2021-08-01,DE,basic,1,14.043293148945803,7.557673515500562,11.397732985127337,14.816768343807215,73.32689123337299,26.188343214327894,0,86.69852086056805,
1468,2021-06-09,US,basic,2,20.50152063823678,24.035543839965033,41.207457956069426,24.13360948506869,7.151762348583686,14.127835598457423,0,191.00840085364237,
1469,2021-08-03,DE,basic,5,7.811352409582573,12.562457354165968,4.451386046378994,10.276004667390751,52.69678764573786,40.206182052845264,0,135.36821122769535,
1470,2021-06-10,FR,enterprise,3,49.533217409901944,2.934949792414235,18.579722986894698,8.83964448881168,14.604249172520209,14.355080091920843,0,227.06765970186223,
1471,2021-03-08,US,basic,3,12.790234489988157,10.082506962037382,16.796332320659747,14.08758416516028,5.546775684769425,18.814014987621796,0,132.08676473107928,
1472,2021-05-08,US,basic,2,3.2653385382454325,34.81451900118878,41.4606020436011,42.63214582746359,27.966316323593365,15.020243463918952,0,225.39564131372745,
1473,2021-01-18,US,basic,1,12.17003633836116,37.47682266485952,12.920724063868558,5.5948719280956976,4.8827825358166,25.248344115546036,0,219.84253212264977,
1474,2021-01-25,DE,pro,5,22.70527612841257,20.592846666237033,50.4595306854167,17.06400754932702,13.64648650502178,6.805662467257017,0,109.38424391549512,
1475,2021-08-22,DE,basic,1,7.812712973630729,18.814815070642947,3.9459825842821648,20.62933528101722,12.34816709004916,10.855497067804226,0,209.7960126969695,
1476,2021-08-11,US,basic,4,14.912694396682474,12.371523237771369,8.879405597021714,18.54009272011374,16.80435774648917,38.68819450013782,1,0.0,missing_features
1477,2021-02-23,FR,pro,4,3.3447544344005102,1.3192953659040376,9.428788383524472,10.588950676741813,4.6844997988721255,27.196845967342643,1,0.0,missing_features
1478,2021-02-27,DE,enterprise,2,11.617271981814099,22.35797647385004,5.156795015194346,12.26256797839886,3.717664449302305,20.92243101537717,1,0.0,too_expensive
1479,2021-03-08,US,basic,2,16.871575244997565,8.096485689942938,16.95818355919908,14.658168489594512,27.69239513112788,18.864803988427056,0,183.0743641659894,
1480,2021-04-14,DE,basic,2,15.571555947582258,41.30234232862334,13.467310323986286,16.34157169915986,35.67122291494409,12.341008074368316,0,142.2171939857177,
1481,2021-06-23,DE,basic,4,29.416608675430403,5.6734688524142785,33.948717324417586,1.8270225579535917,37.42428470429695,13.75289733596981,0,104.37423403730402,
1482,2021-01-24,US,pro,1,6.995028742073465,36.19946655882715,5.657904631441508,24.8036053669234,3.276442807977597,20.85862381783975,1,0.0,too_expensive
1483,2021-04-24,US,basic,1,21.74703554810792,2.813329650168106,66.63240263157391,21.97371936188107,9.18345848693612,28.66994147741948,0,129.2398421380684,
1484,2021-02-01,US,pro,2,25.126511899103185,76.7280371409335,48.45673441175886,30.25491068696902,65.83872562915823,20.835954619452096,0,186.5931933766112,
1485,2021-06-24,US,pro,5,9.176730812752572,4.562549009831912,10.182107380625547,2.543388568494422,7.480806952453694,28.20640160394003,0,159.4486758596905,
1486,2021-03-27,FR,pro,1,7.765085816938494,37.55797292054631,26.92912405147763,20.36013427951123,3.193233555883674,24.40976979952311,0,196.16750811601733,
1487,2021-05-31,FR,basic,4,49.7905364382777,9.838179253189146,10.31270970219403,15.001768092429089,10.54757643069629,12.181116477140002,0,103.74043034941029,
1488,2021-07-13,US,enterprise,3,13.077113022045248,25.931015642759725,26.367877088099316,18.59123775495671,1.6705572459030813,10.991046399238257,1,0.0,switched_competitor
1489,2021-05-07,US,pro,3,22.506345173891695,51.78869643896698,4.796823920100392,14.01135432399236,2.701678542236931,4.6930846144288045,0,70.30082098143039,
1490,2021-06-04,US,pro,3,23.21802437210042,13.506286157010123,25.676649454016026,22.136199052897155,9.875864546727836,25.58144827226771,1,0.0,too_expensive
1491,2021-08-22,US,basic,5,4.33665000603448,72.23143176702534,12.067402854294372,9.807830779357275,10.191879005064886,31.386974105026884,0,248.89079392430577,
1492,2021-05-10,FR,enterprise,2,19.481173283979768,52.64168672887736,4.096488955776687,17.627747407749325,2.480935666860816,15.535702339579245,0,134.15749164251304,
1493,2021-08-06,US,basic,4,18.739598782384356,3.9597219244422828,15.914038410400735,3.2645401596637154,37.18126816545504,5.611210193289573,0,64.46277862328047,
1494,2021-01-17,US,basic,5,49.97615697877787,16.64425829778444,16.574870277635792,12.332734384688768,11.314217224579064,5.943976360361372,0,89.50996896337752,
1495,2021-04-14,US,basic,4,18.73255338732514,13.894359965143199,19.074326952102815,12.8663254105029,11.976066878600369,7.89647426579772,0,164.41176875981125,
1496,2021-06-10,DE,pro,4,28.64913787813969,17.50886122634554,50.96619840997874,0.9074308037205038,11.343348738900747,10.534492099188522,0,168.17823055305786,
1497,2021-05-17,US,basic,2,29.46969808264068,12.4365762802082,12.114130223993666,18.015080228505063,15.553109064101092,11.796107076894613,1,0.0,other
1498,2021-02-12,DE,basic,3,13.422339251959032,7.605574623227746,14.672299924077219,21.3521297808768,51.44814437970793,16.971494053546515,0,101.26088717607895,
1499,2021-06-25,US,basic,2,62.41392883956853,15.880994089928063,4.475157194817092,12.23591386380615,24.023561819215033,48.4495267965155,0,181.80920493224446,
1500,2021-02-08,DE,basic,5,8.733117785570295,25.32182860246341,21.869243679153932,27.725174909090562,16.572954060716217,24.139732848348885,0,172.48721919664936,
1501,2021-08-09,DE,pro,5,3.301129795368032,0.7250785908497136,15.000737054666525,39.55909960839694,5.943681374277326,36.442382497136194,0,117.71279660954029,
1502,2021-06-19,US,pro,5,11.21557081561617,31.910110302700954,6.284398375669824,56.64256615402935,7.816804462185819,7.842701443648843,1,0.0,switched_competitor
1503,2021-01-26,DE,basic,2,2.6548896447228665,19.168217788534328,18.3268195748327,5.202493524987738,11.779855709524952,9.571913304171103,0,103.33212649093097,
1504,2021-04-09,FR,basic,4,9.248188936812998,45.97679731820055,7.459430788627918,24.36322425418265,11.157147822983873,17.452170250798996,0,139.62330481520362,
1505,2021-02-19,FR,pro,4,16.7195630305875,11.619911263206358,61.35325485470087,18.20188940971996,23.363037253562094,21.211854531687898,1,0.0,missing_features
1506,2021-06-02,DE,basic,1,20.13712745063406,10.317281020036877,12.829651012994903,15.957449169403024,2.8563752399528424,10.864964010012677,0,132.0893533832323,
1507,2021-06-01,DE,basic,5,12.267137426752615,8.406592326384004,5.738720587968247,5.208291219135597,29.24452773089536,16.624430343281148,0,200.65785480363886,
1508,2021-01-13,FR,enterprise,4,9.171238827236998,24.364086453819912,24.968728470764653,16.327097108542475,13.08302900649226,44.295957417158164,1,0.0,missing_features
1509,2021-03-01,DE,pro,1,11.08416449445259,2.4290501105185998,5.267495925062825,1.1827881295553508,4.879646260840532,11.17960042937389,1,0.0,other
1510,2021-05-15,US,basic,4,24.700567133016,8.948888729342574,32.33690027364,14.107814572867541,16.82124527985108,11.997051455680472,0,157.6737752020713,
1511,2021-02-26,FR,pro,5,6.530827314876859,19.38449604012628,5.129869757949951,3.1244638534563496,13.00308392968078,6.363438796925146,0,139.1565838066521,
1512,2021-02-05,US,basic,3,9.213611573676804,3.8863462466632686,28.00807031931984,10.888998339553178,8.382738545794792,40.61303218361157,0,141.82027363525197,
1513,2021-06-22,DE,pro,5,21.2999459618403,17.91157622860907,33.866659950953704,32.517771362934894,10.876425073456385,2.7054419089058737,0,84.71399459468225,
1514,2021-01-20,US,basic,2,17.985925984327643,40.569622775980896,46.10647714663295,9.371243115894668,32.24069823554284,19.149274254251367,0,138.35684975145625,
1515,2021-03-06,US,basic,4,3.1102133986228386,37.069510574384545,8.417565890739855,2.1868481877197268,49.478188542314754,17.25178055838623,1,0.0,too_expensive
1516,2021-01-08,US,basic,4,34.20773540793184,15.31878415773016,31.146619171946757,20.21738329877152,17.065826322450473,8.917943325479538,0,64.11356604542158,
1517,2021-08-26,DE,enterprise,2,11.337432953945076,33.184960169730566,35.929921197526745,8.908245161372976,30.228219379911863,7.952828688988674,0,120.92081027529983,
1518,2021-05-24,US,pro,2,5.820763139272389,23.657944999093267,9.584974014616638,57.358242422926786,26.042340058437993,10.786912007610072,0,113.35152359251741,
1519,2021-05-22,US,basic,3,4.534516058618931,19.36929194231439,3.3463925886802355,3.5588897767811405,32.16838676572729,8.882496647814941,0,227.23201376380518,
1520,2021-07-23,US,basic,4,34.540466680607224,26.536401571909572,5.051489939914293,86.53574958509185,14.460254272813787,7.436909974658933,0,124.07756230104212,
1521,2021-04-25,DE,pro,4,1.4924339559683504,12.396118264676234,5.193289815478652,10.292897773549104,27.484450436301138,16.438606066201487,1,0.0,switched_competitor
1522,2021-08-03,FR,basic,3,22.66121902650355,13.344330823405244,13.150886966975389,9.90615248199162,21.621939129133683,8.337033574070741,0,152.34213416406445,
1523,2021-05-23,DE,basic,1,30.167023110656835,23.191624362804333,20.413358569711363,4.282261571828768,8.450329876874912,19.693852255767055,0,181.22816753289825,
1524,2021-04-02,DE,enterprise,3,12.128019901700517,16.66907661288941,11.166706927977653,21.823053088888486,27.63464125570236,23.325254014776576,1,0.0,switched_competitor
1525,2021-04-08,FR,basic,5,46.79692172932594,36.370950881633675,18.31464610838773,1.3810449409155887,9.453198810399094,13.145605469850398,0,239.25176423103275,
1526,2021-03-07,DE,pro,4,6.89014119381802,29.120933522260152,39.37757649952018,20.453172332561415,45.9134126538704,16.296985847073007,1,0.0,other
1527,2021-02-01,US,enterprise,2,24.56779833261628,29.00900030135551,9.82472282136807,30.208180054881602,8.062438312470112,40.411881620990265,0,208.1684663296951,
1528,2021-08-03,US,basic,5,18.156231227855237,24.98688535314055,15.128015239572854,5.0334075224052475,10.479358717473728,25.856023929938527,0,135.70107122804552,
1529,2021-07-10,US,basic,4,50.85919949979483,19.206910227127832,25.4727216704635,46.99044884114298,7.672019632547064,4.782586559548704,1,0.0,too_expensive
1530,2021-03-27,US,basic,3,13.295591950686223,28.531681512638404,23.827929438426064,7.884484035630949,49.43844466075361,30.580124336488453,0,183.4443775909813,
1531,2021-02-20,DE,pro,5,22.77696081273268,34.321330684558305,24.783751638930166,12.764436629510378,45.633315194233305,55.998283662139286,0,85.58064890328141,
1532,2021-06-02,DE,enterprise,4,18.069502354741974,22.100148102025436,11.373058224567476,2.949431739695754,16.99112729131584,29.273174720034426,0,165.3592462487477,
1533,2021-07-05,US,pro,1,3.7030919148683408,8.151881977411282,28.700637135678612,14.547022592084689,9.39895550335954,15.931208003020368,1,0.0,switched_competitor
1534,2021-03-04,DE,basic,1,14.850937347943116,16.95496475189777,18.35249616449891,23.068694377387896,19.82588282207876,27.041657092169604,1,0.0,other
1535,2021-07-09,DE,pro,2,10.124089116067195,4.026014372112942,5.617824427640155,5.137980594610495,8.01244371333183,26.86722258429114,0,244.25272164346697,
1536,2021-05-05,US,enterprise,4,18.16232472565297,39.48934480011904,17.157154835170328,18.93819405046076,11.898765272079153,31.028808787474137,0,157.24617958412787,
1537,2021-05-30,FR,pro,1,23.097531677634123,28.605401963984505,13.379257467850728,22.051368493561256,24.679423514483222,13.65275756381499,0,204.90209632603592,
1538,2021-02-27,DE,enterprise,3,40.68139873477669,8.057476625349441,1.7871171260938428,27.352245633812252,12.025114996616074,4.124565167530982,0,146.3791957339635,
1539,2021-02-27,US,pro,4,1.0525496283676994,9.709937994135135,61.51440485688415,15.807637718199317,16.57964538588317,11.593409099676881,0,141.0482996596674,
1540,2021-03-27,DE,pro,3,16.67241863347292,40.675108368724835,17.12086068000268,37.27163865853538,25.1975969281394,19.35525907430047,0,215.796109533743,
1541,2021-02-18,DE,pro,3,4.902930368287157,9.227559028643315,58.02153616931814,4.9380126869621,25.604603479785556,38.23221147943944,0,231.55728433352118,
1542,2021-06-29,DE,basic,1,24.804328322593435,3.7939589485386858,22.48822272535167,21.278522092466716,10.735205895807123,28.441705254168177,0,197.63113412578963,
1543,2021-06-19,DE,basic,4,64.86807771350298,5.747824437982922,7.0775436307763275,8.480462356309529,9.075396569852499,14.251441437699556,0,116.34404316713095,
1544,2021-03-11,DE,pro,5,12.697259420974081,13.173939228783379,6.223242097285145,20.251911335635413,25.54624784811483,16.336861739082785,0,139.8434574113794,
1545,2021-01-15,DE,basic,1,8.411235053456858,11.465421375679817,21.72453232222545,17.36311486309734,15.198464834897589,1.4379927923208005,0,110.32421235177941,
1546,2021-02-23,US,enterprise,1,11.277144999116416,12.254410798766012,19.289531757779802,8.156767719845286,28.03996396231536,17.21150077349122,0,145.78278792727366,
1547,2021-08-23,US,enterprise,4,4.976030472987534,27.74761649918537,9.594892769239557,14.904387765279123,8.959028918532182,5.830687532945829,1,0.0,switched_competitor
1548,2021-07-07,US,pro,4,0.48125510623156054,10.385058060747848,18.383351920968366,7.981291850982052,11.70229159699822,55.93497435250957,0,212.2854954453167,
1549,2021-04-11,DE,basic,3,20.24735928271912,22.74909035165099,58.081503083421524,53.330763339468234,29.394316919274225,6.095725592155681,0,221.33253935377465,
1550,2021-08-13,US,basic,4,16.08361354177005,5.892389818095774,58.94236443357181,25.647025009920235,11.053365732056182,1.0367149485986884,0,130.13006203293872,
1551,2021-01-08,FR,basic,3,8.612937290576872,38.11769829101799,25.411752651770065,54.092819923492776,27.6977237551948,9.917845994852382,0,34.15752689416725,
1552,2021-02-22,DE,pro,1,6.14105289042601,6.479150216501541,12.329406473862402,7.19200396223675,20.901461320184413,37.416170314597174,1,0.0,missing_features
1553,2021-03-01,FR,pro,2,29.9993661289483,17.04521131252271,20.117100768012833,2.689393875883963,11.045656605895793,16.437072505503522,0,94.39447358800614,
1554,2021-08-24,FR,enterprise,5,38.44861367427204,15.057354271668782,8.228217500911331,20.71290245467111,50.03596948769303,21.491968511639286,0,166.45310399469957,
1555,2021-04-18,FR,basic,1,18.429808008427806,21.462651165439123,26.741212002789958,21.052498645950273,6.251136130250243,7.123202755291469,0,62.27781171055402,
1556,2021-01-05,FR,enterprise,4,1.6375992324378643,29.59300612263657,5.090290368324578,26.828571738168034,16.920681229662947,13.52565927545092,0,146.8787334068063,
1557,2021-04-13,DE,enterprise,5,14.368719271038977,11.747025298930893,20.270933609814982,26.945616253980326,14.986275343220026,21.923484575552386,0,236.6977742693001,
1558,2021-07-15,DE,basic,2,21.356985724197752,30.138827128373062,33.67325794364499,51.57046900771401,2.960055938120681,9.003664868341355,0,57.156853390404834,
1559,2021-01-06,US,enterprise,2,13.112204233778453,36.38424715639312,23.938410259140632,26.760693653383022,13.229380419756463,26.23481233753018,0,134.41626375343031,
1560,2021-04-19,US,basic,3,14.39545631237853,14.172484076098401,7.996506390544791,6.080059425372438,36.368333661261914,10.70483210011028,1,0.0,switched_competitor
1561,2021-08-12,DE,basic,5,9.180280997347673,52.558392157950145,41.12711298757256,4.047770187002928,13.640363452672526,7.572824744133989,0,214.66231564026853,
1562,2021-04-26,DE,pro,3,13.354726804034964,21.435729351743888,17.011824630014704,54.22274050365289,12.891440722774785,25.907284322140356,0,223.82870538073402,
1563,2021-04-04,US,basic,1,31.999513206034962,12.714438431303186,17.32545948347046,15.911924452690089,39.530487159400835,9.813730057809988,0,88.1634871299107,
1564,2021-02-16,DE,pro,5,19.263735377289624,17.870655266862375,26.291296178707952,39.92401909550402,4.974824000676762,19.74425866331426,0,73.23639067850183,
1565,2021-04-09,FR,pro,1,10.434481940776239,52.55890467122852,8.180304970357309,7.612015226572711,33.35766474769899,17.4688071947435,1,0.0,switched_competitor
1566,2021-02-24,DE,pro,3,13.143383323434962,22.051009032473917,12.660688641946274,26.15300117954664,2.3148142487684233,30.510616867071455,0,117.58949096449241,
1567,2021-06-17,DE,basic,5,40.78627993132564,22.035744526884923,36.72345915854214,7.531198925479154,33.400711315912375,18.676428704957893,0,188.05648891404414,
1568,2021-02-21,FR,pro,3,6.264829967529685,23.550021179811665,3.807865370047385,0.8059280355143233,4.708831091756865,22.9358516598249,0,64.16475682006165,
1569,2021-05-24,FR,pro,5,9.262745870932562,31.932375667892018,22.676660260130728,34.908525416425846,8.117223657135849,2.1347540177407156,1,0.0,switched_competitor
1570,2021-01-13,DE,pro,3,14.36986162198605,21.781468493834403,8.879375135831427,5.127574067857154,5.1677341114691755,52.663580878899204,0,183.82470268442893,
1571,2021-04-24,FR,basic,2,9.897251321101447,25.81656172873376,12.981825971235336,4.4705716116307235,27.272357865292854,22.37085980722755,0,99.00439264417491,
1572,2021-05-04,FR,basic,3,39.46951798159963,17.62327748668772,7.657077473869677,14.46113900708002,16.899730015933233,17.866463514174097,0,221.3033008443,
1573,2021-04-16,FR,pro,2,32.547255220314845,19.20345881992953,10.808741922018392,14.70124373205705,28.71504815565073,2.8712395218394615,1,0.0,too_expensive
1574,2021-06-07,US,basic,3,14.112002216954265,33.12585577666626,16.005970410586933,19.63636430917259,18.739704113994527,42.556473201798546,0,113.00371573425193,
1575,2021-05-27,DE,pro,5,61.44616286427439,8.909987996661997,14.967869787826109,21.374758399081067,11.711200536657117,15.111329510138571,0,241.41701458260616,
1576,2021-05-25,US,pro,5,20.37934919165608,16.977058208636887,8.730629526082064,7.569076441717053,25.48412592635247,32.67078767672682,0,121.3464535145225,
1577,2021-04-30,US,pro,5,44.823846389026315,13.483565744372903,1.7554408854167294,4.552989682092805,19.81658355005884,11.089462951570873,0,195.11330543427925,
1578,2021-03-04,DE,pro,4,41.97975756773516,4.508026940218487,7.843189592450742,38.073472647194116,18.312045467607238,15.079833716793905,0,106.37759338630838,
1579,2021-01-19,DE,enterprise,1,22.61331166953312,5.157751730190329,8.236272399991828,28.974561051514236,11.20907177951901,3.908960732384863,0,194.39332246924502,
1580,2021-04-02,FR,pro,5,5.828941509500549,16.864020544278983,26.761523033753342,5.070547613231624,16.27914928500437,26.729153961634317,0,205.2161511142636,
1581,2021-02-27,US,enterprise,2,17.417276523672175,34.18441338895156,7.3103796631217834,3.1446822348469974,13.187120591808164,14.835720852230313,1,0.0,too_expensive
1582,2021-07-02,FR,pro,5,8.98695439856633,19.596743994509346,9.379687839938754,11.534314083886319,12.201903013565381,34.87401723313236,0,211.07332043054387,
1583,2021-03-31,DE,basic,4,24.468486953468343,10.415219718327673,36.47297549765296,4.386963525219089,18.14932655645247,16.718902594805407,0,165.9088966596084,
1584,2021-08-17,DE,basic,2,21.698044509309966,42.04399456869538,12.489588877846955,11.18298094886734,69.8591034092756,36.34493083929388,1,0.0,other
1585,2021-08-06,FR,pro,4,19.64238282370329,12.206199643238037,22.61610436141757,27.673127823317927,9.01036427764747,37.99714882789882,0,159.24077689340226,
1586,2021-04-27,DE,basic,2,28.9775464857074,6.83587265694319,7.240569999942866,13.884675930946528,49.9029042098372,16.194953911940175,0,176.674383559797,
1587,2021-03-03,US,basic,3,21.00653467691885,53.13643259575031,36.52201951551535,35.2969201472981,26.61279885949888,10.204224558942185,0,73.90463983978258,
1588,2021-01-23,FR,basic,1,15.502039880717454,17.77915630173021,16.297583939675842,12.217943420596239,13.815862862434514,1.424188385774684,0,122.4663702521587,
1589,2021-05-07,US,pro,1,5.374385804539638,48.364281571601495,4.7261707090699385,33.6577303532428,5.9460133657991925,7.457906474757241,1,0.0,too_expensive
1590,2021-05-17,US,pro,4,9.781838095654308,16.631186414373072,27.08081309481159,10.685044507438965,3.895090343073039,68.24938249004984,0,146.6991718049822,
1591,2021-05-20,FR,pro,1,6.746102528332834,16.94003377807436,14.229075855625585,0.7460175269376583,11.012737236703522,12.320632112094124,0,190.40494884417026,
1592,2021-05-09,US,pro,4,30.237073611897127,4.2910998861594685,33.33181311944837,21.042784101809726,15.88862976437947,2.114325631282284,1,0.0,switched_competitor
1593,2021-02-27,DE,pro,4,14.723924002101407,11.92823486305282,39.303205099484416,1.9159269168905575,35.56603795701057,3.9225487729941073,0,239.01572841614512,
1594,2021-05-02,US,basic,4,19.703934363766965,23.64390858823058,12.24379386359071,9.384042261113127,31.968866217805743,14.537462898586082,1,0.0,switched_competitor
1595,2021-01-01,FR,enterprise,1,11.212737654235013,27.06939930968019,18.61398619880721,15.435065781177691,13.267168463737807,7.259480521883165,0,110.47398837137456,
1596,2021-08-27,US,basic,4,35.460549100828025,18.671041419321085,17.32763814726638,18.00532514828276,11.019440355922093,17.62352807263339,0,184.97207444955038,
1597,2021-02-03,FR,enterprise,1,25.619241093375933,13.213891735847804,44.24694153321844,23.493624174533277,13.314104676848654,5.73827418145145,0,151.70265992163863,
1598,2021-04-06,DE,pro,4,17.96833469247447,17.10816596242636,8.046147158577304,3.141754063381963,16.621448883530576,14.421086357586885,1,0.0,too_expensive
1599,2021-05-06,US,basic,5,15.993920423948136,6.510194530712855,4.0852613755266765,6.521799451101512,8.727642270319436,58.85637837408343,1,0.0,too_expensive
